entity,code,year,child_mortality_rate,fertility_rate_hist,continent,sub_region
Africa,OWID_AFR,1950,25.95,6.4367776,,
Africa,OWID_AFR,1951,25.95,6.451228,,
Africa,OWID_AFR,1952,25.95,6.4636226,,
Africa,OWID_AFR,1953,25.95,6.482983,,
Africa,OWID_AFR,1954,25.95,6.4931884,,
Africa,OWID_AFR,1955,25.95,6.5055194,,
Africa,OWID_AFR,1956,25.95,6.5189023,,
Africa,OWID_AFR,1957,25.95,6.530977,,
Africa,OWID_AFR,1958,25.95,6.5437264,,
Africa,OWID_AFR,1959,25.95,6.5507164,,
Africa,OWID_AFR,1960,25.95,6.561704,,
Africa,OWID_AFR,1961,25.95,6.5730667,,
Africa,OWID_AFR,1962,25.95,6.5883465,,
Africa,OWID_AFR,1963,25.95,6.596562,,
Africa,OWID_AFR,1964,25.95,6.599817,,
Africa,OWID_AFR,1965,25.95,6.597363,,
Africa,OWID_AFR,1966,25.95,6.60657,,
Africa,OWID_AFR,1967,25.34,6.6086955,,
Africa,OWID_AFR,1968,24.73,6.609265,,
Africa,OWID_AFR,1969,24.39,6.606555,,
Africa,OWID_AFR,1970,24.0,6.6082897,,
Africa,OWID_AFR,1971,23.61,6.6170015,,
Africa,OWID_AFR,1972,23.27,6.6170077,,
Africa,OWID_AFR,1973,22.76,6.610062,,
Africa,OWID_AFR,1974,22.02,6.609499,,
Africa,OWID_AFR,1975,21.51,6.6073947,,
Africa,OWID_AFR,1976,20.7,6.6032963,,
Africa,OWID_AFR,1977,20.19,6.5918546,,
Africa,OWID_AFR,1978,19.68,6.5664606,,
Africa,OWID_AFR,1979,19.18,6.5456686,,
Africa,OWID_AFR,1980,18.78,6.5151258,,
Africa,OWID_AFR,1981,18.3,6.4737244,,
Africa,OWID_AFR,1982,17.89,6.434363,,
Africa,OWID_AFR,1983,18.27,6.3931756,,
Africa,OWID_AFR,1984,17.86,6.3250494,,
Africa,OWID_AFR,1985,17.45,6.2565317,,
Africa,OWID_AFR,1986,16.98,6.183947,,
Africa,OWID_AFR,1987,16.18,6.112592,,
Africa,OWID_AFR,1988,16.24,6.036753,,
Africa,OWID_AFR,1989,15.64,5.949369,,
Africa,OWID_AFR,1990,15.42,5.8539977,,
Africa,OWID_AFR,1991,15.5,5.774625,,
Africa,OWID_AFR,1992,15.35,5.6972165,,
Africa,OWID_AFR,1993,14.91,5.6246767,,
Africa,OWID_AFR,1994,14.8,5.5266814,,
Africa,OWID_AFR,1995,14.43,5.4634438,,
Africa,OWID_AFR,1996,14.18,5.3866973,,
Africa,OWID_AFR,1997,13.89,5.3149853,,
Africa,OWID_AFR,1998,13.69,5.251681,,
Africa,OWID_AFR,1999,13.16,5.206878,,
Africa,OWID_AFR,2000,12.75,5.163403,,
Africa,OWID_AFR,2001,12.32,5.1212792,,
Africa,OWID_AFR,2002,11.86,5.0776334,,
Africa,OWID_AFR,2003,11.41,5.04643,,
Africa,OWID_AFR,2004,11.02,5.0243425,,
Africa,OWID_AFR,2005,10.59,5.008534,,
Africa,OWID_AFR,2006,10.12,4.984585,,
Africa,OWID_AFR,2007,9.71,4.9581575,,
Africa,OWID_AFR,2008,9.3,4.9405203,,
Africa,OWID_AFR,2009,9.08,4.9016266,,
Africa,OWID_AFR,2010,8.64,4.867337,,
Africa,OWID_AFR,2011,8.53,4.8214116,,
Africa,OWID_AFR,2012,8.07,4.7754626,,
Africa,OWID_AFR,2013,7.79,4.7192874,,
Africa,OWID_AFR,2014,7.68,4.669364,,
Africa,OWID_AFR,2015,7.49,4.6089897,,
Africa,OWID_AFR,2016,7.31,4.5295343,,
Africa,OWID_AFR,2017,7.17,4.464887,,
Africa,OWID_AFR,2018,6.83,4.374008,,
Africa,OWID_AFR,2019,6.66,4.2966104,,
Africa,OWID_AFR,2020,6.43,4.2251563,,
Africa,OWID_AFR,2021,6.27,4.163223,,
Africa,OWID_AFR,2022,6.22,4.108882,,
Africa,OWID_AFR,2023,5.91,4.0555196,,
Africa (UN),UN_AFR,1950,7.30375,6.516,,
Africa (UN),UN_AFR,1951,7.30375,6.53,,
Africa (UN),UN_AFR,1952,7.30375,6.541,,
Africa (UN),UN_AFR,1953,7.30375,6.558,,
Africa (UN),UN_AFR,1954,7.30375,6.569,,
Africa (UN),UN_AFR,1955,7.30375,6.581,,
Africa (UN),UN_AFR,1956,7.30375,6.594,,
Africa (UN),UN_AFR,1957,7.30375,6.606,,
Africa (UN),UN_AFR,1958,7.30375,6.617,,
Africa (UN),UN_AFR,1959,7.30375,6.631,,
Africa (UN),UN_AFR,1960,7.30375,6.645,,
Africa (UN),UN_AFR,1961,7.30375,6.658,,
Africa (UN),UN_AFR,1962,7.30375,6.673,,
Africa (UN),UN_AFR,1963,7.30375,6.679,,
Africa (UN),UN_AFR,1964,7.30375,6.68,,
Africa (UN),UN_AFR,1965,7.30375,6.676,,
Africa (UN),UN_AFR,1966,7.30375,6.687,,
Africa (UN),UN_AFR,1967,7.30375,6.691,,
Africa (UN),UN_AFR,1968,7.30375,6.691,,
Africa (UN),UN_AFR,1969,7.30375,6.687,,
Africa (UN),UN_AFR,1970,7.30375,6.688,,
Africa (UN),UN_AFR,1971,7.30375,6.692,,
Africa (UN),UN_AFR,1972,7.30375,6.693,,
Africa (UN),UN_AFR,1973,7.30375,6.689,,
Africa (UN),UN_AFR,1974,7.30375,6.688,,
Africa (UN),UN_AFR,1975,7.30375,6.686,,
Africa (UN),UN_AFR,1976,7.30375,6.676,,
Africa (UN),UN_AFR,1977,7.30375,6.663,,
Africa (UN),UN_AFR,1978,7.30375,6.647,,
Africa (UN),UN_AFR,1979,7.30375,6.62,,
Africa (UN),UN_AFR,1980,7.30375,6.589,,
Africa (UN),UN_AFR,1981,7.30375,6.548,,
Africa (UN),UN_AFR,1982,7.30375,6.509,,
Africa (UN),UN_AFR,1983,7.30375,6.46,,
Africa (UN),UN_AFR,1984,7.30375,6.394,,
Africa (UN),UN_AFR,1985,7.30375,6.322,,
Africa (UN),UN_AFR,1986,7.30375,6.244,,
Africa (UN),UN_AFR,1987,7.30375,6.169,,
Africa (UN),UN_AFR,1988,7.30375,6.092,,
Africa (UN),UN_AFR,1989,7.30375,6.004,,
Africa (UN),UN_AFR,1990,7.30375,5.909,,
Africa (UN),UN_AFR,1991,7.30375,5.827,,
Africa (UN),UN_AFR,1992,7.30375,5.747,,
Africa (UN),UN_AFR,1993,7.30375,5.663,,
Africa (UN),UN_AFR,1994,7.30375,5.589,,
Africa (UN),UN_AFR,1995,7.30375,5.508,,
Africa (UN),UN_AFR,1996,7.30375,5.429,,
Africa (UN),UN_AFR,1997,7.30375,5.353,,
Africa (UN),UN_AFR,1998,7.30375,5.296,,
Africa (UN),UN_AFR,1999,7.30375,5.248,,
Africa (UN),UN_AFR,2000,7.30375,5.203,,
Africa (UN),UN_AFR,2001,7.30375,5.16,,
Africa (UN),UN_AFR,2002,7.30375,5.115,,
Africa (UN),UN_AFR,2003,7.30375,5.082,,
Africa (UN),UN_AFR,2004,7.30375,5.059,,
Africa (UN),UN_AFR,2005,7.30375,5.04,,
Africa (UN),UN_AFR,2006,7.30375,5.013,,
Africa (UN),UN_AFR,2007,7.30375,4.985,,
Africa (UN),UN_AFR,2008,7.30375,4.968,,
Africa (UN),UN_AFR,2009,7.30375,4.927,,
Africa (UN),UN_AFR,2010,7.30375,4.891,,
Africa (UN),UN_AFR,2011,7.30375,4.842,,
Africa (UN),UN_AFR,2012,7.30375,4.796,,
Africa (UN),UN_AFR,2013,7.30375,4.74,,
Africa (UN),UN_AFR,2014,7.30375,4.686,,
Africa (UN),UN_AFR,2015,7.30375,4.625,,
Africa (UN),UN_AFR,2016,7.30375,4.545,,
Africa (UN),UN_AFR,2017,7.30375,4.482,,
Africa (UN),UN_AFR,2018,7.30375,4.391,,
Africa (UN),UN_AFR,2019,7.30375,4.312,,
Africa (UN),UN_AFR,2020,7.30375,4.242,,
Africa (UN),UN_AFR,2021,7.30375,4.179,,
Africa (UN),UN_AFR,2022,7.30375,4.125,,
Africa (UN),UN_AFR,2023,7.30375,4.072,,
Asia,OWID_ASI,1950,15.06,5.6617503,,
Asia,OWID_ASI,1951,15.06,5.5760074,,
Asia,OWID_ASI,1952,15.06,5.8932714,,
Asia,OWID_ASI,1953,15.06,5.725986,,
Asia,OWID_ASI,1954,15.06,5.834537,,
Asia,OWID_ASI,1955,15.06,5.8238525,,
Asia,OWID_ASI,1956,15.06,5.6634316,,
Asia,OWID_ASI,1957,15.06,5.885396,,
Asia,OWID_ASI,1958,15.06,5.617022,,
Asia,OWID_ASI,1959,15.06,5.2466593,,
Asia,OWID_ASI,1960,15.06,5.1585083,,
Asia,OWID_ASI,1961,15.06,4.9240127,,
Asia,OWID_ASI,1962,15.06,5.758013,,
Asia,OWID_ASI,1963,15.06,6.277149,,
Asia,OWID_ASI,1964,15.06,5.958281,,
Asia,OWID_ASI,1965,15.06,5.91224,,
Asia,OWID_ASI,1966,15.06,5.736832,,
Asia,OWID_ASI,1967,15.06,5.5510387,,
Asia,OWID_ASI,1968,15.06,5.771389,,
Asia,OWID_ASI,1969,15.06,5.6145573,,
Asia,OWID_ASI,1970,14.8,5.5518165,,
Asia,OWID_ASI,1971,14.73,5.319908,,
Asia,OWID_ASI,1972,13.89,5.1309376,,
Asia,OWID_ASI,1973,13.45,4.946697,,
Asia,OWID_ASI,1974,13.04,4.6892123,,
Asia,OWID_ASI,1975,12.66,4.4086204,,
Asia,OWID_ASI,1976,12.24,4.250094,,
Asia,OWID_ASI,1977,11.8,4.0434117,,
Asia,OWID_ASI,1978,11.38,3.9377944,,
Asia,OWID_ASI,1979,10.94,3.908564,,
Asia,OWID_ASI,1980,10.57,3.8762853,,
Asia,OWID_ASI,1981,10.22,3.8529642,,
Asia,OWID_ASI,1982,9.94,3.869351,,
Asia,OWID_ASI,1983,9.65,3.6491385,,
Asia,OWID_ASI,1984,9.42,3.6120076,,
Asia,OWID_ASI,1985,9.2,3.5609825,,
Asia,OWID_ASI,1986,8.97,3.5519578,,
Asia,OWID_ASI,1987,8.76,3.5261874,,
Asia,OWID_ASI,1988,8.56,3.404152,,
Asia,OWID_ASI,1989,8.35,3.3526423,,
Asia,OWID_ASI,1990,8.15,3.3049686,,
Asia,OWID_ASI,1991,7.94,3.0349512,,
Asia,OWID_ASI,1992,7.73,2.921207,,
Asia,OWID_ASI,1993,7.51,2.8508377,,
Asia,OWID_ASI,1994,7.29,2.7945561,,
Asia,OWID_ASI,1995,7.1,2.7372751,,
Asia,OWID_ASI,1996,6.86,2.6781924,,
Asia,OWID_ASI,1997,6.62,2.629852,,
Asia,OWID_ASI,1998,6.37,2.5896356,,
Asia,OWID_ASI,1999,6.11,2.5603256,,
Asia,OWID_ASI,2000,5.85,2.5695436,,
Asia,OWID_ASI,2001,5.59,2.5166,,
Asia,OWID_ASI,2002,5.33,2.4722686,,
Asia,OWID_ASI,2003,5.04,2.4347458,,
Asia,OWID_ASI,2004,4.85,2.4168901,,
Asia,OWID_ASI,2005,4.58,2.3883328,,
Asia,OWID_ASI,2006,4.36,2.3734071,,
Asia,OWID_ASI,2007,4.16,2.3606493,,
Asia,OWID_ASI,2008,4.0,2.3571732,,
Asia,OWID_ASI,2009,3.78,2.3524115,,
Asia,OWID_ASI,2010,3.6,2.322248,,
Asia,OWID_ASI,2011,3.43,2.304195,,
Asia,OWID_ASI,2012,3.27,2.334693,,
Asia,OWID_ASI,2013,3.11,2.285924,,
Asia,OWID_ASI,2014,2.96,2.2697752,,
Asia,OWID_ASI,2015,2.82,2.2315912,,
Asia,OWID_ASI,2016,2.68,2.2434218,,
Asia,OWID_ASI,2017,2.56,2.2088583,,
Asia,OWID_ASI,2018,2.44,2.119695,,
Asia,OWID_ASI,2019,2.33,2.0758889,,
Asia,OWID_ASI,2020,2.23,1.9732972,,
Asia,OWID_ASI,2021,2.15,1.9256951,,
Asia,OWID_ASI,2022,2.07,1.8948497,,
Asia,OWID_ASI,2023,2.0,1.8792871,,
Asia (UN),UN_ASI,1950,7.30375,5.694,,
Asia (UN),UN_ASI,1951,7.30375,5.609,,
Asia (UN),UN_ASI,1952,7.30375,5.926,,
Asia (UN),UN_ASI,1953,7.30375,5.757,,
Asia (UN),UN_ASI,1954,7.30375,5.863,,
Asia (UN),UN_ASI,1955,7.30375,5.85,,
Asia (UN),UN_ASI,1956,7.30375,5.691,,
Asia (UN),UN_ASI,1957,7.30375,5.913,,
Asia (UN),UN_ASI,1958,7.30375,5.646,,
Asia (UN),UN_ASI,1959,7.30375,5.274,,
Asia (UN),UN_ASI,1960,7.30375,5.183,,
Asia (UN),UN_ASI,1961,7.30375,4.951,,
Asia (UN),UN_ASI,1962,7.30375,5.789,,
Asia (UN),UN_ASI,1963,7.30375,6.313,,
Asia (UN),UN_ASI,1964,7.30375,5.994,,
Asia (UN),UN_ASI,1965,7.30375,5.948,,
Asia (UN),UN_ASI,1966,7.30375,5.774,,
Asia (UN),UN_ASI,1967,7.30375,5.595,,
Asia (UN),UN_ASI,1968,7.30375,5.815,,
Asia (UN),UN_ASI,1969,7.30375,5.654,,
Asia (UN),UN_ASI,1970,7.30375,5.591,,
Asia (UN),UN_ASI,1971,7.30375,5.352,,
Asia (UN),UN_ASI,1972,7.30375,5.164,,
Asia (UN),UN_ASI,1973,7.30375,4.978,,
Asia (UN),UN_ASI,1974,7.30375,4.716,,
Asia (UN),UN_ASI,1975,7.30375,4.43,,
Asia (UN),UN_ASI,1976,7.30375,4.263,,
Asia (UN),UN_ASI,1977,7.30375,4.058,,
Asia (UN),UN_ASI,1978,7.30375,3.966,,
Asia (UN),UN_ASI,1979,7.30375,3.945,,
Asia (UN),UN_ASI,1980,7.30375,3.908,,
Asia (UN),UN_ASI,1981,7.30375,3.871,,
Asia (UN),UN_ASI,1982,7.30375,3.88,,
Asia (UN),UN_ASI,1983,7.30375,3.671,,
Asia (UN),UN_ASI,1984,7.30375,3.642,,
Asia (UN),UN_ASI,1985,7.30375,3.591,,
Asia (UN),UN_ASI,1986,7.30375,3.58,,
Asia (UN),UN_ASI,1987,7.30375,3.543,,
Asia (UN),UN_ASI,1988,7.30375,3.412,,
Asia (UN),UN_ASI,1989,7.30375,3.36,,
Asia (UN),UN_ASI,1990,7.30375,3.314,,
Asia (UN),UN_ASI,1991,7.30375,3.048,,
Asia (UN),UN_ASI,1992,7.30375,2.936,,
Asia (UN),UN_ASI,1993,7.30375,2.86,,
Asia (UN),UN_ASI,1994,7.30375,2.802,,
Asia (UN),UN_ASI,1995,7.30375,2.748,,
Asia (UN),UN_ASI,1996,7.30375,2.693,,
Asia (UN),UN_ASI,1997,7.30375,2.649,,
Asia (UN),UN_ASI,1998,7.30375,2.607,,
Asia (UN),UN_ASI,1999,7.30375,2.575,,
Asia (UN),UN_ASI,2000,7.30375,2.584,,
Asia (UN),UN_ASI,2001,7.30375,2.532,,
Asia (UN),UN_ASI,2002,7.30375,2.49,,
Asia (UN),UN_ASI,2003,7.30375,2.451,,
Asia (UN),UN_ASI,2004,7.30375,2.428,,
Asia (UN),UN_ASI,2005,7.30375,2.397,,
Asia (UN),UN_ASI,2006,7.30375,2.381,,
Asia (UN),UN_ASI,2007,7.30375,2.367,,
Asia (UN),UN_ASI,2008,7.30375,2.361,,
Asia (UN),UN_ASI,2009,7.30375,2.353,,
Asia (UN),UN_ASI,2010,7.30375,2.323,,
Asia (UN),UN_ASI,2011,7.30375,2.303,,
Asia (UN),UN_ASI,2012,7.30375,2.331,,
Asia (UN),UN_ASI,2013,7.30375,2.281,,
Asia (UN),UN_ASI,2014,7.30375,2.265,,
Asia (UN),UN_ASI,2015,7.30375,2.227,,
Asia (UN),UN_ASI,2016,7.30375,2.241,,
Asia (UN),UN_ASI,2017,7.30375,2.206,,
Asia (UN),UN_ASI,2018,7.30375,2.118,,
Asia (UN),UN_ASI,2019,7.30375,2.075,,
Asia (UN),UN_ASI,2020,7.30375,1.973,,
Asia (UN),UN_ASI,2021,7.30375,1.927,,
Asia (UN),UN_ASI,2022,7.30375,1.896,,
Asia (UN),UN_ASI,2023,7.30375,1.881,,
England and Wales,,1938,7.30375,1.831,,
England and Wales,,1939,7.30375,1.817,,
England and Wales,,1940,7.30375,1.747,,
England and Wales,,1941,7.30375,1.718,,
England and Wales,,1942,7.30375,1.932,,
England and Wales,,1943,7.30375,2.028,,
England and Wales,,1944,7.30375,2.235,,
England and Wales,,1945,7.30375,2.033,,
England and Wales,,1946,7.30375,2.474,,
England and Wales,,1947,7.30375,2.685,,
England and Wales,,1948,7.30375,2.39,,
England and Wales,,1949,7.30375,2.269,,
Europe,OWID_EUR,1950,3.04,2.7129564,,
Europe,OWID_EUR,1951,3.04,2.6735141,,
Europe,OWID_EUR,1952,3.04,2.6520598,,
Europe,OWID_EUR,1953,3.04,2.6249034,,
Europe,OWID_EUR,1954,3.04,2.6297376,,
Europe,OWID_EUR,1955,3.04,2.6305487,,
Europe,OWID_EUR,1956,3.04,2.6176462,,
Europe,OWID_EUR,1957,3.04,2.6188428,,
Europe,OWID_EUR,1958,3.04,2.6012871,,
Europe,OWID_EUR,1959,3.04,2.6134708,,
Europe,OWID_EUR,1960,3.04,2.6076076,,
Europe,OWID_EUR,1961,3.04,2.5829735,,
Europe,OWID_EUR,1962,3.04,2.5217588,,
Europe,OWID_EUR,1963,3.04,2.5155764,,
Europe,OWID_EUR,1964,3.04,2.4880822,,
Europe,OWID_EUR,1965,3.04,2.4348178,,
Europe,OWID_EUR,1966,3.04,2.413129,,
Europe,OWID_EUR,1967,3.04,2.4098628,,
Europe,OWID_EUR,1968,3.04,2.3549745,,
Europe,OWID_EUR,1969,2.94,2.3128195,,
Europe,OWID_EUR,1970,2.83,2.2709105,,
Europe,OWID_EUR,1971,2.78,2.2657673,,
Europe,OWID_EUR,1972,2.67,2.2126515,,
Europe,OWID_EUR,1973,2.57,2.1388388,,
Europe,OWID_EUR,1974,2.48,2.1280763,,
Europe,OWID_EUR,1975,2.39,2.0673552,,
Europe,OWID_EUR,1976,2.3,2.0346508,,
Europe,OWID_EUR,1977,2.22,1.9992874,,
Europe,OWID_EUR,1978,2.17,1.9671366,,
Europe,OWID_EUR,1979,2.09,1.9463241,,
Europe,OWID_EUR,1980,2.02,1.9313135,,
Europe,OWID_EUR,1981,1.96,1.893372,,
Europe,OWID_EUR,1982,1.89,1.8926117,,
Europe,OWID_EUR,1983,1.83,1.8904765,,
Europe,OWID_EUR,1984,1.8,1.8628117,,
Europe,OWID_EUR,1985,1.78,1.838758,,
Europe,OWID_EUR,1986,1.72,1.8563324,,
Europe,OWID_EUR,1987,1.66,1.8486049,,
Europe,OWID_EUR,1988,1.61,1.8219448,,
Europe,OWID_EUR,1989,1.55,1.7621852,,
Europe,OWID_EUR,1990,1.5,1.7237747,,
Europe,OWID_EUR,1991,1.46,1.6562531,,
Europe,OWID_EUR,1992,1.45,1.5899754,,
Europe,OWID_EUR,1993,1.41,1.515564,,
Europe,OWID_EUR,1994,1.36,1.4847789,,
Europe,OWID_EUR,1995,1.32,1.4503926,,
Europe,OWID_EUR,1996,1.28,1.4373416,,
Europe,OWID_EUR,1997,1.23,1.4227575,,
Europe,OWID_EUR,1998,1.19,1.4145938,,
Europe,OWID_EUR,1999,1.14,1.3943344,,
Europe,OWID_EUR,2000,1.08,1.4059267,,
Europe,OWID_EUR,2001,1.03,1.3970999,,
Europe,OWID_EUR,2002,0.98,1.4109023,,
Europe,OWID_EUR,2003,0.93,1.4374725,,
Europe,OWID_EUR,2004,0.88,1.4613155,,
Europe,OWID_EUR,2005,0.83,1.4586754,,
Europe,OWID_EUR,2006,0.79,1.490514,,
Europe,OWID_EUR,2007,0.75,1.5324144,,
Europe,OWID_EUR,2008,0.71,1.5916001,,
Europe,OWID_EUR,2009,0.68,1.6004827,,
Europe,OWID_EUR,2010,0.66,1.6074091,,
Europe,OWID_EUR,2011,0.63,1.5890231,,
Europe,OWID_EUR,2012,0.61,1.6152736,,
Europe,OWID_EUR,2013,0.59,1.5930252,,
Europe,OWID_EUR,2014,0.57,1.6093224,,
Europe,OWID_EUR,2015,0.55,1.6050227,,
Europe,OWID_EUR,2016,0.53,1.6117015,,
Europe,OWID_EUR,2017,0.51,1.5564429,,
Europe,OWID_EUR,2018,0.49,1.520992,,
Europe,OWID_EUR,2019,0.47,1.485068,,
Europe,OWID_EUR,2020,0.46,1.4641871,,
Europe,OWID_EUR,2021,0.44,1.4710877,,
Europe,OWID_EUR,2022,0.44,1.409226,,
Europe,OWID_EUR,2023,0.42,1.3921242,,
Europe (UN),UN_EUR,1950,7.30375,2.7,,
Europe (UN),UN_EUR,1951,7.30375,2.66,,
Europe (UN),UN_EUR,1952,7.30375,2.645,,
Europe (UN),UN_EUR,1953,7.30375,2.622,,
Europe (UN),UN_EUR,1954,7.30375,2.626,,
Europe (UN),UN_EUR,1955,7.30375,2.624,,
Europe (UN),UN_EUR,1956,7.30375,2.61,,
Europe (UN),UN_EUR,1957,7.30375,2.614,,
Europe (UN),UN_EUR,1958,7.30375,2.597,,
Europe (UN),UN_EUR,1959,7.30375,2.603,,
Europe (UN),UN_EUR,1960,7.30375,2.592,,
Europe (UN),UN_EUR,1961,7.30375,2.57,,
Europe (UN),UN_EUR,1962,7.30375,2.519,,
Europe (UN),UN_EUR,1963,7.30375,2.517,,
Europe (UN),UN_EUR,1964,7.30375,2.493,,
Europe (UN),UN_EUR,1965,7.30375,2.436,,
Europe (UN),UN_EUR,1966,7.30375,2.42,,
Europe (UN),UN_EUR,1967,7.30375,2.417,,
Europe (UN),UN_EUR,1968,7.30375,2.372,,
Europe (UN),UN_EUR,1969,7.30375,2.326,,
Europe (UN),UN_EUR,1970,7.30375,2.283,,
Europe (UN),UN_EUR,1971,7.30375,2.272,,
Europe (UN),UN_EUR,1972,7.30375,2.213,,
Europe (UN),UN_EUR,1973,7.30375,2.139,,
Europe (UN),UN_EUR,1974,7.30375,2.128,,
Europe (UN),UN_EUR,1975,7.30375,2.069,,
Europe (UN),UN_EUR,1976,7.30375,2.034,,
Europe (UN),UN_EUR,1977,7.30375,1.994,,
Europe (UN),UN_EUR,1978,7.30375,1.962,,
Europe (UN),UN_EUR,1979,7.30375,1.942,,
Europe (UN),UN_EUR,1980,7.30375,1.928,,
Europe (UN),UN_EUR,1981,7.30375,1.89,,
Europe (UN),UN_EUR,1982,7.30375,1.886,,
Europe (UN),UN_EUR,1983,7.30375,1.884,,
Europe (UN),UN_EUR,1984,7.30375,1.857,,
Europe (UN),UN_EUR,1985,7.30375,1.834,,
Europe (UN),UN_EUR,1986,7.30375,1.852,,
Europe (UN),UN_EUR,1987,7.30375,1.844,,
Europe (UN),UN_EUR,1988,7.30375,1.82,,
Europe (UN),UN_EUR,1989,7.30375,1.76,,
Europe (UN),UN_EUR,1990,7.30375,1.722,,
Europe (UN),UN_EUR,1991,7.30375,1.656,,
Europe (UN),UN_EUR,1992,7.30375,1.587,,
Europe (UN),UN_EUR,1993,7.30375,1.516,,
Europe (UN),UN_EUR,1994,7.30375,1.486,,
Europe (UN),UN_EUR,1995,7.30375,1.452,,
Europe (UN),UN_EUR,1996,7.30375,1.44,,
Europe (UN),UN_EUR,1997,7.30375,1.426,,
Europe (UN),UN_EUR,1998,7.30375,1.415,,
Europe (UN),UN_EUR,1999,7.30375,1.397,,
Europe (UN),UN_EUR,2000,7.30375,1.41,,
Europe (UN),UN_EUR,2001,7.30375,1.401,,
Europe (UN),UN_EUR,2002,7.30375,1.418,,
Europe (UN),UN_EUR,2003,7.30375,1.443,,
Europe (UN),UN_EUR,2004,7.30375,1.465,,
Europe (UN),UN_EUR,2005,7.30375,1.462,,
Europe (UN),UN_EUR,2006,7.30375,1.49,,
Europe (UN),UN_EUR,2007,7.30375,1.535,,
Europe (UN),UN_EUR,2008,7.30375,1.593,,
Europe (UN),UN_EUR,2009,7.30375,1.601,,
Europe (UN),UN_EUR,2010,7.30375,1.606,,
Europe (UN),UN_EUR,2011,7.30375,1.587,,
Europe (UN),UN_EUR,2012,7.30375,1.612,,
Europe (UN),UN_EUR,2013,7.30375,1.592,,
Europe (UN),UN_EUR,2014,7.30375,1.608,,
Europe (UN),UN_EUR,2015,7.30375,1.605,,
Europe (UN),UN_EUR,2016,7.30375,1.611,,
Europe (UN),UN_EUR,2017,7.30375,1.557,,
Europe (UN),UN_EUR,2018,7.30375,1.522,,
Europe (UN),UN_EUR,2019,7.30375,1.486,,
Europe (UN),UN_EUR,2020,7.30375,1.465,,
Europe (UN),UN_EUR,2021,7.30375,1.473,,
Europe (UN),UN_EUR,2022,7.30375,1.41,,
Europe (UN),UN_EUR,2023,7.30375,1.395,,
European Union (27),OWID_EU27,1968,3.23,3.4295,,
European Union (27),OWID_EU27,1969,3.11,3.4295,,
European Union (27),OWID_EU27,1970,2.96,3.4295,,
European Union (27),OWID_EU27,1971,2.81,3.4295,,
European Union (27),OWID_EU27,1972,2.67,3.4295,,
European Union (27),OWID_EU27,1973,2.54,3.4295,,
European Union (27),OWID_EU27,1974,2.42,3.4295,,
European Union (27),OWID_EU27,1975,2.29,3.4295,,
European Union (27),OWID_EU27,1976,2.16,3.4295,,
European Union (27),OWID_EU27,1977,2.04,3.4295,,
European Union (27),OWID_EU27,1978,1.93,3.4295,,
European Union (27),OWID_EU27,1979,1.83,3.4295,,
European Union (27),OWID_EU27,1980,1.74,3.4295,,
European Union (27),OWID_EU27,1981,1.67,3.4295,,
European Union (27),OWID_EU27,1982,1.59,3.4295,,
European Union (27),OWID_EU27,1983,1.52,3.4295,,
European Union (27),OWID_EU27,1984,1.46,3.4295,,
European Union (27),OWID_EU27,1985,1.41,3.4295,,
European Union (27),OWID_EU27,1986,1.37,3.4295,,
European Union (27),OWID_EU27,1987,1.33,3.4295,,
European Union (27),OWID_EU27,1988,1.28,3.4295,,
European Union (27),OWID_EU27,1989,1.23,3.4295,,
European Union (27),OWID_EU27,1990,1.18,3.4295,,
European Union (27),OWID_EU27,1991,1.14,3.4295,,
European Union (27),OWID_EU27,1992,1.09,3.4295,,
European Union (27),OWID_EU27,1993,1.04,3.4295,,
European Union (27),OWID_EU27,1994,0.99,3.4295,,
European Union (27),OWID_EU27,1995,0.94,3.4295,,
European Union (27),OWID_EU27,1996,0.89,3.4295,,
European Union (27),OWID_EU27,1997,0.84,3.4295,,
European Union (27),OWID_EU27,1998,0.8,3.4295,,
European Union (27),OWID_EU27,1999,0.76,3.4295,,
European Union (27),OWID_EU27,2000,0.72,3.4295,,
European Union (27),OWID_EU27,2001,0.69,3.4295,,
European Union (27),OWID_EU27,2002,0.67,3.4295,,
European Union (27),OWID_EU27,2003,0.64,3.4295,,
European Union (27),OWID_EU27,2004,0.62,3.4295,,
European Union (27),OWID_EU27,2005,0.59,3.4295,,
European Union (27),OWID_EU27,2006,0.57,3.4295,,
European Union (27),OWID_EU27,2007,0.54,3.4295,,
European Union (27),OWID_EU27,2008,0.52,3.4295,,
European Union (27),OWID_EU27,2009,0.5,3.4295,,
European Union (27),OWID_EU27,2010,0.48,3.4295,,
European Union (27),OWID_EU27,2011,0.47,3.4295,,
European Union (27),OWID_EU27,2012,0.45,3.4295,,
European Union (27),OWID_EU27,2013,0.44,3.4295,,
European Union (27),OWID_EU27,2014,0.43,3.4295,,
European Union (27),OWID_EU27,2015,0.42,3.4295,,
European Union (27),OWID_EU27,2016,0.42,3.4295,,
European Union (27),OWID_EU27,2017,0.41,3.4295,,
European Union (27),OWID_EU27,2018,0.4,3.4295,,
European Union (27),OWID_EU27,2019,0.39,3.4295,,
European Union (27),OWID_EU27,2020,0.38,3.4295,,
European Union (27),OWID_EU27,2021,0.38,3.4295,,
European Union (27),OWID_EU27,2022,0.38,3.4295,,
European Union (27),OWID_EU27,2023,0.37,3.4295,,
High-income countries,OWID_HIC,1950,2.06,3.038,,
High-income countries,OWID_HIC,1951,2.06,2.99,,
High-income countries,OWID_HIC,1952,2.06,2.978,,
High-income countries,OWID_HIC,1953,2.06,2.954,,
High-income countries,OWID_HIC,1954,2.06,2.963,,
High-income countries,OWID_HIC,1955,2.06,2.97,,
High-income countries,OWID_HIC,1956,2.06,2.983,,
High-income countries,OWID_HIC,1957,2.06,2.995,,
High-income countries,OWID_HIC,1958,2.06,3.011,,
High-income countries,OWID_HIC,1959,2.06,3.015,,
High-income countries,OWID_HIC,1960,2.06,3.001,,
High-income countries,OWID_HIC,1961,2.06,2.995,,
High-income countries,OWID_HIC,1962,2.06,2.948,,
High-income countries,OWID_HIC,1963,2.06,2.934,,
High-income countries,OWID_HIC,1964,2.06,2.913,,
High-income countries,OWID_HIC,1965,2.06,2.831,,
High-income countries,OWID_HIC,1966,2.06,2.678,,
High-income countries,OWID_HIC,1967,2.06,2.712,,
High-income countries,OWID_HIC,1968,2.06,2.628,,
High-income countries,OWID_HIC,1969,2.06,2.577,,
High-income countries,OWID_HIC,1970,2.06,2.536,,
High-income countries,OWID_HIC,1971,2.06,2.471,,
High-income countries,OWID_HIC,1972,2.06,2.348,,
High-income countries,OWID_HIC,1973,2.06,2.26,,
High-income countries,OWID_HIC,1974,2.06,2.208,,
High-income countries,OWID_HIC,1975,2.06,2.12,,
High-income countries,OWID_HIC,1976,2.06,2.069,,
High-income countries,OWID_HIC,1977,2.06,2.037,,
High-income countries,OWID_HIC,1978,2.06,1.999,,
High-income countries,OWID_HIC,1979,2.06,1.998,,
High-income countries,OWID_HIC,1980,2.06,1.987,,
High-income countries,OWID_HIC,1981,1.98,1.95,,
High-income countries,OWID_HIC,1982,1.9,1.925,,
High-income countries,OWID_HIC,1983,1.83,1.875,,
High-income countries,OWID_HIC,1984,1.76,1.848,,
High-income countries,OWID_HIC,1985,1.7,1.831,,
High-income countries,OWID_HIC,1986,1.64,1.808,,
High-income countries,OWID_HIC,1987,1.59,1.802,,
High-income countries,OWID_HIC,1988,1.52,1.817,,
High-income countries,OWID_HIC,1989,1.45,1.811,,
High-income countries,OWID_HIC,1990,1.38,1.821,,
High-income countries,OWID_HIC,1991,1.32,1.798,,
High-income countries,OWID_HIC,1992,1.26,1.775,,
High-income countries,OWID_HIC,1993,1.21,1.738,,
High-income countries,OWID_HIC,1994,1.16,1.718,,
High-income countries,OWID_HIC,1995,1.11,1.691,,
High-income countries,OWID_HIC,1996,1.07,1.687,,
High-income countries,OWID_HIC,1997,1.02,1.678,,
High-income countries,OWID_HIC,1998,0.99,1.67,,
High-income countries,OWID_HIC,1999,0.95,1.669,,
High-income countries,OWID_HIC,2000,0.91,1.688,,
High-income countries,OWID_HIC,2001,0.89,1.662,,
High-income countries,OWID_HIC,2002,0.86,1.648,,
High-income countries,OWID_HIC,2003,0.83,1.654,,
High-income countries,OWID_HIC,2004,0.81,1.664,,
High-income countries,OWID_HIC,2005,0.78,1.667,,
High-income countries,OWID_HIC,2006,0.75,1.703,,
High-income countries,OWID_HIC,2007,0.73,1.729,,
High-income countries,OWID_HIC,2008,0.7,1.741,,
High-income countries,OWID_HIC,2009,0.68,1.72,,
High-income countries,OWID_HIC,2010,0.66,1.706,,
High-income countries,OWID_HIC,2011,0.65,1.689,,
High-income countries,OWID_HIC,2012,0.63,1.692,,
High-income countries,OWID_HIC,2013,0.62,1.667,,
High-income countries,OWID_HIC,2014,0.6,1.678,,
High-income countries,OWID_HIC,2015,0.58,1.675,,
High-income countries,OWID_HIC,2016,0.57,1.669,,
High-income countries,OWID_HIC,2017,0.55,1.636,,
High-income countries,OWID_HIC,2018,0.53,1.603,,
High-income countries,OWID_HIC,2019,0.52,1.564,,
High-income countries,OWID_HIC,2020,0.51,1.513,,
High-income countries,OWID_HIC,2021,0.5,1.516,,
High-income countries,OWID_HIC,2022,0.5,1.495,,
High-income countries,OWID_HIC,2023,0.5,1.467,,
Kosovo,OWID_KOS,1950,14.6,6.953,,
Kosovo,OWID_KOS,1951,14.6,6.946,,
Kosovo,OWID_KOS,1952,14.6,6.941,,
Kosovo,OWID_KOS,1953,14.6,6.91,,
Kosovo,OWID_KOS,1954,14.6,6.833,,
Kosovo,OWID_KOS,1955,14.6,6.741,,
Kosovo,OWID_KOS,1956,14.6,6.631,,
Kosovo,OWID_KOS,1957,14.6,6.517,,
Kosovo,OWID_KOS,1958,14.6,6.404,,
Kosovo,OWID_KOS,1959,14.6,6.374,,
Kosovo,OWID_KOS,1960,14.6,6.359,,
Kosovo,OWID_KOS,1961,14.6,6.314,,
Kosovo,OWID_KOS,1962,14.6,6.244,,
Kosovo,OWID_KOS,1963,14.6,6.176,,
Kosovo,OWID_KOS,1964,14.6,6.112,,
Kosovo,OWID_KOS,1965,14.6,6.035,,
Kosovo,OWID_KOS,1966,14.6,5.947,,
Kosovo,OWID_KOS,1967,14.6,5.877,,
Kosovo,OWID_KOS,1968,14.6,5.812,,
Kosovo,OWID_KOS,1969,14.6,5.731,,
Kosovo,OWID_KOS,1970,14.6,5.624,,
Kosovo,OWID_KOS,1971,14.6,5.556,,
Kosovo,OWID_KOS,1972,14.6,5.488,,
Kosovo,OWID_KOS,1973,14.6,5.418,,
Kosovo,OWID_KOS,1974,14.6,5.373,,
Kosovo,OWID_KOS,1975,14.6,5.283,,
Kosovo,OWID_KOS,1976,14.6,5.185,,
Kosovo,OWID_KOS,1977,14.6,5.012,,
Kosovo,OWID_KOS,1978,14.6,4.831,,
Kosovo,OWID_KOS,1979,14.6,4.697,,
Kosovo,OWID_KOS,1980,14.6,4.658,,
Kosovo,OWID_KOS,1981,14.6,4.501,,
Kosovo,OWID_KOS,1982,14.6,4.493,,
Kosovo,OWID_KOS,1983,14.6,4.462,,
Kosovo,OWID_KOS,1984,14.6,4.406,,
Kosovo,OWID_KOS,1985,14.6,4.197,,
Kosovo,OWID_KOS,1986,13.62,4.115,,
Kosovo,OWID_KOS,1987,12.73,4.098,,
Kosovo,OWID_KOS,1988,11.89,3.967,,
Kosovo,OWID_KOS,1989,11.11,3.672,,
Kosovo,OWID_KOS,1990,10.38,3.666,,
Kosovo,OWID_KOS,1991,9.71,3.373,,
Kosovo,OWID_KOS,1992,9.06,2.765,,
Kosovo,OWID_KOS,1993,8.46,2.65,,
Kosovo,OWID_KOS,1994,7.88,2.524,,
Kosovo,OWID_KOS,1995,7.31,2.524,,
Kosovo,OWID_KOS,1996,6.77,2.536,,
Kosovo,OWID_KOS,1997,6.25,2.312,,
Kosovo,OWID_KOS,1998,5.75,2.35,,
Kosovo,OWID_KOS,1999,5.28,2.634,,
Kosovo,OWID_KOS,2000,4.83,2.698,,
Kosovo,OWID_KOS,2001,4.41,2.765,,
Kosovo,OWID_KOS,2002,4.02,2.791,,
Kosovo,OWID_KOS,2003,3.66,2.67,,
Kosovo,OWID_KOS,2004,3.34,2.65,,
Kosovo,OWID_KOS,2005,3.05,2.623,,
Kosovo,OWID_KOS,2006,2.79,2.494,,
Kosovo,OWID_KOS,2007,2.56,2.393,,
Kosovo,OWID_KOS,2008,2.36,2.359,,
Kosovo,OWID_KOS,2009,2.17,2.317,,
Kosovo,OWID_KOS,2010,2.01,2.223,,
Kosovo,OWID_KOS,2011,1.87,2.038,,
Kosovo,OWID_KOS,2012,1.74,1.969,,
Kosovo,OWID_KOS,2013,1.63,1.953,,
Kosovo,OWID_KOS,2014,1.52,1.87,,
Kosovo,OWID_KOS,2015,1.43,1.763,,
Kosovo,OWID_KOS,2016,1.34,1.641,,
Kosovo,OWID_KOS,2017,1.26,1.618,,
Kosovo,OWID_KOS,2018,1.19,1.581,,
Kosovo,OWID_KOS,2019,1.12,1.575,,
Kosovo,OWID_KOS,2020,1.05,1.567,,
Kosovo,OWID_KOS,2021,1.0,1.561,,
Kosovo,OWID_KOS,2022,0.95,1.555,,
Kosovo,OWID_KOS,2023,0.91,1.545,,
Latin America and the Caribbean (UN),UN_LAC,1950,7.30375,5.792,,
Latin America and the Caribbean (UN),UN_LAC,1951,7.30375,5.795,,
Latin America and the Caribbean (UN),UN_LAC,1952,7.30375,5.799,,
Latin America and the Caribbean (UN),UN_LAC,1953,7.30375,5.807,,
Latin America and the Caribbean (UN),UN_LAC,1954,7.30375,5.818,,
Latin America and the Caribbean (UN),UN_LAC,1955,7.30375,5.828,,
Latin America and the Caribbean (UN),UN_LAC,1956,7.30375,5.843,,
Latin America and the Caribbean (UN),UN_LAC,1957,7.30375,5.853,,
Latin America and the Caribbean (UN),UN_LAC,1958,7.30375,5.858,,
Latin America and the Caribbean (UN),UN_LAC,1959,7.30375,5.866,,
Latin America and the Caribbean (UN),UN_LAC,1960,7.30375,5.866,,
Latin America and the Caribbean (UN),UN_LAC,1961,7.30375,5.856,,
Latin America and the Caribbean (UN),UN_LAC,1962,7.30375,5.846,,
Latin America and the Caribbean (UN),UN_LAC,1963,7.30375,5.821,,
Latin America and the Caribbean (UN),UN_LAC,1964,7.30375,5.763,,
Latin America and the Caribbean (UN),UN_LAC,1965,7.30375,5.681,,
Latin America and the Caribbean (UN),UN_LAC,1966,7.30375,5.58,,
Latin America and the Caribbean (UN),UN_LAC,1967,7.30375,5.472,,
Latin America and the Caribbean (UN),UN_LAC,1968,7.30375,5.364,,
Latin America and the Caribbean (UN),UN_LAC,1969,7.30375,5.267,,
Latin America and the Caribbean (UN),UN_LAC,1970,7.30375,5.17,,
Latin America and the Caribbean (UN),UN_LAC,1971,7.30375,5.074,,
Latin America and the Caribbean (UN),UN_LAC,1972,7.30375,4.97,,
Latin America and the Caribbean (UN),UN_LAC,1973,7.30375,4.867,,
Latin America and the Caribbean (UN),UN_LAC,1974,7.30375,4.75,,
Latin America and the Caribbean (UN),UN_LAC,1975,7.30375,4.644,,
Latin America and the Caribbean (UN),UN_LAC,1976,7.30375,4.547,,
Latin America and the Caribbean (UN),UN_LAC,1977,7.30375,4.452,,
Latin America and the Caribbean (UN),UN_LAC,1978,7.30375,4.353,,
Latin America and the Caribbean (UN),UN_LAC,1979,7.30375,4.249,,
Latin America and the Caribbean (UN),UN_LAC,1980,7.30375,4.145,,
Latin America and the Caribbean (UN),UN_LAC,1981,7.30375,4.05,,
Latin America and the Caribbean (UN),UN_LAC,1982,7.30375,3.96,,
Latin America and the Caribbean (UN),UN_LAC,1983,7.30375,3.864,,
Latin America and the Caribbean (UN),UN_LAC,1984,7.30375,3.765,,
Latin America and the Caribbean (UN),UN_LAC,1985,7.30375,3.67,,
Latin America and the Caribbean (UN),UN_LAC,1986,7.30375,3.582,,
Latin America and the Caribbean (UN),UN_LAC,1987,7.30375,3.483,,
Latin America and the Caribbean (UN),UN_LAC,1988,7.30375,3.394,,
Latin America and the Caribbean (UN),UN_LAC,1989,7.30375,3.317,,
Latin America and the Caribbean (UN),UN_LAC,1990,7.30375,3.242,,
Latin America and the Caribbean (UN),UN_LAC,1991,7.30375,3.169,,
Latin America and the Caribbean (UN),UN_LAC,1992,7.30375,3.095,,
Latin America and the Caribbean (UN),UN_LAC,1993,7.30375,3.038,,
Latin America and the Caribbean (UN),UN_LAC,1994,7.30375,2.977,,
Latin America and the Caribbean (UN),UN_LAC,1995,7.30375,2.917,,
Latin America and the Caribbean (UN),UN_LAC,1996,7.30375,2.85,,
Latin America and the Caribbean (UN),UN_LAC,1997,7.30375,2.794,,
Latin America and the Caribbean (UN),UN_LAC,1998,7.30375,2.739,,
Latin America and the Caribbean (UN),UN_LAC,1999,7.30375,2.674,,
Latin America and the Caribbean (UN),UN_LAC,2000,7.30375,2.609,,
Latin America and the Caribbean (UN),UN_LAC,2001,7.30375,2.543,,
Latin America and the Caribbean (UN),UN_LAC,2002,7.30375,2.482,,
Latin America and the Caribbean (UN),UN_LAC,2003,7.30375,2.423,,
Latin America and the Caribbean (UN),UN_LAC,2004,7.30375,2.381,,
Latin America and the Caribbean (UN),UN_LAC,2005,7.30375,2.342,,
Latin America and the Caribbean (UN),UN_LAC,2006,7.30375,2.297,,
Latin America and the Caribbean (UN),UN_LAC,2007,7.30375,2.259,,
Latin America and the Caribbean (UN),UN_LAC,2008,7.30375,2.232,,
Latin America and the Caribbean (UN),UN_LAC,2009,7.30375,2.208,,
Latin America and the Caribbean (UN),UN_LAC,2010,7.30375,2.181,,
Latin America and the Caribbean (UN),UN_LAC,2011,7.30375,2.164,,
Latin America and the Caribbean (UN),UN_LAC,2012,7.30375,2.135,,
Latin America and the Caribbean (UN),UN_LAC,2013,7.30375,2.113,,
Latin America and the Caribbean (UN),UN_LAC,2014,7.30375,2.096,,
Latin America and the Caribbean (UN),UN_LAC,2015,7.30375,2.066,,
Latin America and the Caribbean (UN),UN_LAC,2016,7.30375,2.015,,
Latin America and the Caribbean (UN),UN_LAC,2017,7.30375,1.991,,
Latin America and the Caribbean (UN),UN_LAC,2018,7.30375,1.973,,
Latin America and the Caribbean (UN),UN_LAC,2019,7.30375,1.928,,
Latin America and the Caribbean (UN),UN_LAC,2020,7.30375,1.869,,
Latin America and the Caribbean (UN),UN_LAC,2021,7.30375,1.845,,
Latin America and the Caribbean (UN),UN_LAC,2022,7.30375,1.824,,
Latin America and the Caribbean (UN),UN_LAC,2023,7.30375,1.807,,
Least developed countries,,1950,7.30375,6.42,,
Least developed countries,,1951,7.30375,6.431,,
Least developed countries,,1952,7.30375,6.443,,
Least developed countries,,1953,7.30375,6.458,,
Least developed countries,,1954,7.30375,6.478,,
Least developed countries,,1955,7.30375,6.494,,
Least developed countries,,1956,7.30375,6.512,,
Least developed countries,,1957,7.30375,6.532,,
Least developed countries,,1958,7.30375,6.551,,
Least developed countries,,1959,7.30375,6.581,,
Least developed countries,,1960,7.30375,6.609,,
Least developed countries,,1961,7.30375,6.631,,
Least developed countries,,1962,7.30375,6.651,,
Least developed countries,,1963,7.30375,6.663,,
Least developed countries,,1964,7.30375,6.674,,
Least developed countries,,1965,7.30375,6.683,,
Least developed countries,,1966,7.30375,6.694,,
Least developed countries,,1967,7.30375,6.709,,
Least developed countries,,1968,7.30375,6.716,,
Least developed countries,,1969,7.30375,6.722,,
Least developed countries,,1970,7.30375,6.735,,
Least developed countries,,1971,7.30375,6.739,,
Least developed countries,,1972,7.30375,6.738,,
Least developed countries,,1973,7.30375,6.725,,
Least developed countries,,1974,7.30375,6.713,,
Least developed countries,,1975,7.30375,6.692,,
Least developed countries,,1976,7.30375,6.669,,
Least developed countries,,1977,7.30375,6.645,,
Least developed countries,,1978,7.30375,6.642,,
Least developed countries,,1979,7.30375,6.639,,
Least developed countries,,1980,7.30375,6.624,,
Least developed countries,,1981,7.30375,6.593,,
Least developed countries,,1982,7.30375,6.555,,
Least developed countries,,1983,7.30375,6.499,,
Least developed countries,,1984,7.30375,6.438,,
Least developed countries,,1985,7.30375,6.362,,
Least developed countries,,1986,7.30375,6.269,,
Least developed countries,,1987,7.30375,6.179,,
Least developed countries,,1988,7.30375,6.088,,
Least developed countries,,1989,7.30375,6.019,,
Least developed countries,,1990,7.30375,5.943,,
Least developed countries,,1991,7.30375,5.853,,
Least developed countries,,1992,7.30375,5.767,,
Least developed countries,,1993,7.30375,5.694,,
Least developed countries,,1994,7.30375,5.631,,
Least developed countries,,1995,7.30375,5.56,,
Least developed countries,,1996,7.30375,5.487,,
Least developed countries,,1997,7.30375,5.433,,
Least developed countries,,1998,7.30375,5.364,,
Least developed countries,,1999,7.30375,5.3,,
Least developed countries,,2000,7.30375,5.234,,
Least developed countries,,2001,7.30375,5.164,,
Least developed countries,,2002,7.30375,5.096,,
Least developed countries,,2003,7.30375,5.028,,
Least developed countries,,2004,7.30375,4.965,,
Least developed countries,,2005,7.30375,4.902,,
Least developed countries,,2006,7.30375,4.838,,
Least developed countries,,2007,7.30375,4.771,,
Least developed countries,,2008,7.30375,4.703,,
Least developed countries,,2009,7.30375,4.638,,
Least developed countries,,2010,7.30375,4.563,,
Least developed countries,,2011,7.30375,4.491,,
Least developed countries,,2012,7.30375,4.431,,
Least developed countries,,2013,7.30375,4.378,,
Least developed countries,,2014,7.30375,4.33,,
Least developed countries,,2015,7.30375,4.289,,
Least developed countries,,2016,7.30375,4.251,,
Least developed countries,,2017,7.30375,4.209,,
Least developed countries,,2018,7.30375,4.168,,
Least developed countries,,2019,7.30375,4.125,,
Least developed countries,,2020,7.30375,4.077,,
Least developed countries,,2021,7.30375,4.029,,
Least developed countries,,2022,7.30375,3.984,,
Least developed countries,,2023,7.30375,3.936,,
Less developed regions,,1950,7.30375,5.932,,
Less developed regions,,1951,7.30375,5.887,,
Less developed regions,,1952,7.30375,6.163,,
Less developed regions,,1953,7.30375,6.044,,
Less developed regions,,1954,7.30375,6.145,,
Less developed regions,,1955,7.30375,6.143,,
Less developed regions,,1956,7.30375,6.025,,
Less developed regions,,1957,7.30375,6.219,,
Less developed regions,,1958,7.30375,6.001,,
Less developed regions,,1959,7.30375,5.705,,
Less developed regions,,1960,7.30375,5.637,,
Less developed regions,,1961,7.30375,5.454,,
Less developed regions,,1962,7.30375,6.135,,
Less developed regions,,1963,7.30375,6.555,,
Less developed regions,,1964,7.30375,6.288,,
Less developed regions,,1965,7.30375,6.234,,
Less developed regions,,1966,7.30375,6.107,,
Less developed regions,,1967,7.30375,5.921,,
Less developed regions,,1968,7.30375,6.089,,
Less developed regions,,1969,7.30375,5.948,,
Less developed regions,,1970,7.30375,5.882,,
Less developed regions,,1971,7.30375,5.672,,
Less developed regions,,1972,7.30375,5.503,,
Less developed regions,,1973,7.30375,5.336,,
Less developed regions,,1974,7.30375,5.114,,
Less developed regions,,1975,7.30375,4.879,,
Less developed regions,,1976,7.30375,4.736,,
Less developed regions,,1977,7.30375,4.561,,
Less developed regions,,1978,7.30375,4.472,,
Less developed regions,,1979,7.30375,4.438,,
Less developed regions,,1980,7.30375,4.39,,
Less developed regions,,1981,7.30375,4.342,,
Less developed regions,,1982,7.30375,4.328,,
Less developed regions,,1983,7.30375,4.14,,
Less developed regions,,1984,7.30375,4.093,,
Less developed regions,,1985,7.30375,4.03,,
Less developed regions,,1986,7.30375,4.0,,
Less developed regions,,1987,7.30375,3.949,,
Less developed regions,,1988,7.30375,3.826,,
Less developed regions,,1989,7.30375,3.766,,
Less developed regions,,1990,7.30375,3.711,,
Less developed regions,,1991,7.30375,3.486,,
Less developed regions,,1992,7.30375,3.382,,
Less developed regions,,1993,7.30375,3.308,,
Less developed regions,,1994,7.30375,3.247,,
Less developed regions,,1995,7.30375,3.191,,
Less developed regions,,1996,7.30375,3.133,,
Less developed regions,,1997,7.30375,3.084,,
Less developed regions,,1998,7.30375,3.039,,
Less developed regions,,1999,7.30375,3.004,,
Less developed regions,,2000,7.30375,2.999,,
Less developed regions,,2001,7.30375,2.949,,
Less developed regions,,2002,7.30375,2.907,,
Less developed regions,,2003,7.30375,2.87,,
Less developed regions,,2004,7.30375,2.849,,
Less developed regions,,2005,7.30375,2.825,,
Less developed regions,,2006,7.30375,2.808,,
Less developed regions,,2007,7.30375,2.795,,
Less developed regions,,2008,7.30375,2.79,,
Less developed regions,,2009,7.30375,2.783,,
Less developed regions,,2010,7.30375,2.759,,
Less developed regions,,2011,7.30375,2.743,,
Less developed regions,,2012,7.30375,2.759,,
Less developed regions,,2013,7.30375,2.719,,
Less developed regions,,2014,7.30375,2.705,,
Less developed regions,,2015,7.30375,2.673,,
Less developed regions,,2016,7.30375,2.671,,
Less developed regions,,2017,7.30375,2.64,,
Less developed regions,,2018,7.30375,2.566,,
Less developed regions,,2019,7.30375,2.524,,
Less developed regions,,2020,7.30375,2.441,,
Less developed regions,,2021,7.30375,2.402,,
Less developed regions,,2022,7.30375,2.376,,
Less developed regions,,2023,7.30375,2.361,,
"Less developed regions, excluding China",,1950,7.30375,5.97,,
"Less developed regions, excluding China",,1951,7.30375,5.956,,
"Less developed regions, excluding China",,1952,7.30375,6.002,,
"Less developed regions, excluding China",,1953,7.30375,6.027,,
"Less developed regions, excluding China",,1954,7.30375,6.066,,
"Less developed regions, excluding China",,1955,7.30375,6.07,,
"Less developed regions, excluding China",,1956,7.30375,6.082,,
"Less developed regions, excluding China",,1957,7.30375,6.107,,
"Less developed regions, excluding China",,1958,7.30375,6.116,,
"Less developed regions, excluding China",,1959,7.30375,6.119,,
"Less developed regions, excluding China",,1960,7.30375,6.134,,
"Less developed regions, excluding China",,1961,7.30375,6.12,,
"Less developed regions, excluding China",,1962,7.30375,6.146,,
"Less developed regions, excluding China",,1963,7.30375,6.145,,
"Less developed regions, excluding China",,1964,7.30375,6.124,,
"Less developed regions, excluding China",,1965,7.30375,6.083,,
"Less developed regions, excluding China",,1966,7.30375,6.037,,
"Less developed regions, excluding China",,1967,7.30375,5.992,,
"Less developed regions, excluding China",,1968,7.30375,5.94,,
"Less developed regions, excluding China",,1969,7.30375,5.885,,
"Less developed regions, excluding China",,1970,7.30375,5.835,,
"Less developed regions, excluding China",,1971,7.30375,5.777,,
"Less developed regions, excluding China",,1972,7.30375,5.711,,
"Less developed regions, excluding China",,1973,7.30375,5.635,,
"Less developed regions, excluding China",,1974,7.30375,5.549,,
"Less developed regions, excluding China",,1975,7.30375,5.461,,
"Less developed regions, excluding China",,1976,7.30375,5.391,,
"Less developed regions, excluding China",,1977,7.30375,5.304,,
"Less developed regions, excluding China",,1978,7.30375,5.224,,
"Less developed regions, excluding China",,1979,7.30375,5.16,,
"Less developed regions, excluding China",,1980,7.30375,5.103,,
"Less developed regions, excluding China",,1981,7.30375,5.03,,
"Less developed regions, excluding China",,1982,7.30375,4.954,,
"Less developed regions, excluding China",,1983,7.30375,4.877,,
"Less developed regions, excluding China",,1984,7.30375,4.797,,
"Less developed regions, excluding China",,1985,7.30375,4.697,,
"Less developed regions, excluding China",,1986,7.30375,4.611,,
"Less developed regions, excluding China",,1987,7.30375,4.514,,
"Less developed regions, excluding China",,1988,7.30375,4.423,,
"Less developed regions, excluding China",,1989,7.30375,4.336,,
"Less developed regions, excluding China",,1990,7.30375,4.248,,
"Less developed regions, excluding China",,1991,7.30375,4.166,,
"Less developed regions, excluding China",,1992,7.30375,4.076,,
"Less developed regions, excluding China",,1993,7.30375,3.995,,
"Less developed regions, excluding China",,1994,7.30375,3.92,,
"Less developed regions, excluding China",,1995,7.30375,3.845,,
"Less developed regions, excluding China",,1996,7.30375,3.768,,
"Less developed regions, excluding China",,1997,7.30375,3.701,,
"Less developed regions, excluding China",,1998,7.30375,3.633,,
"Less developed regions, excluding China",,1999,7.30375,3.575,,
"Less developed regions, excluding China",,2000,7.30375,3.527,,
"Less developed regions, excluding China",,2001,7.30375,3.473,,
"Less developed regions, excluding China",,2002,7.30375,3.409,,
"Less developed regions, excluding China",,2003,7.30375,3.354,,
"Less developed regions, excluding China",,2004,7.30375,3.308,,
"Less developed regions, excluding China",,2005,7.30375,3.264,,
"Less developed regions, excluding China",,2006,7.30375,3.228,,
"Less developed regions, excluding China",,2007,7.30375,3.192,,
"Less developed regions, excluding China",,2008,7.30375,3.163,,
"Less developed regions, excluding China",,2009,7.30375,3.138,,
"Less developed regions, excluding China",,2010,7.30375,3.102,,
"Less developed regions, excluding China",,2011,7.30375,3.073,,
"Less developed regions, excluding China",,2012,7.30375,3.043,,
"Less developed regions, excluding China",,2013,7.30375,3.003,,
"Less developed regions, excluding China",,2014,7.30375,2.961,,
"Less developed regions, excluding China",,2015,7.30375,2.938,,
"Less developed regions, excluding China",,2016,7.30375,2.902,,
"Less developed regions, excluding China",,2017,7.30375,2.851,,
"Less developed regions, excluding China",,2018,7.30375,2.816,,
"Less developed regions, excluding China",,2019,7.30375,2.767,,
"Less developed regions, excluding China",,2020,7.30375,2.718,,
"Less developed regions, excluding China",,2021,7.30375,2.689,,
"Less developed regions, excluding China",,2022,7.30375,2.667,,
"Less developed regions, excluding China",,2023,7.30375,2.649,,
"Less developed regions, excluding least developed countries",,1950,7.30375,5.867,,
"Less developed regions, excluding least developed countries",,1951,7.30375,5.814,,
"Less developed regions, excluding least developed countries",,1952,7.30375,6.126,,
"Less developed regions, excluding least developed countries",,1953,7.30375,5.989,,
"Less developed regions, excluding least developed countries",,1954,7.30375,6.1,,
"Less developed regions, excluding least developed countries",,1955,7.30375,6.096,,
"Less developed regions, excluding least developed countries",,1956,7.30375,5.959,,
"Less developed regions, excluding least developed countries",,1957,7.30375,6.175,,
"Less developed regions, excluding least developed countries",,1958,7.30375,5.925,,
"Less developed regions, excluding least developed countries",,1959,7.30375,5.585,,
"Less developed regions, excluding least developed countries",,1960,7.30375,5.504,,
"Less developed regions, excluding least developed countries",,1961,7.30375,5.293,,
"Less developed regions, excluding least developed countries",,1962,7.30375,6.063,,
"Less developed regions, excluding least developed countries",,1963,7.30375,6.539,,
"Less developed regions, excluding least developed countries",,1964,7.30375,6.235,,
"Less developed regions, excluding least developed countries",,1965,7.30375,6.173,,
"Less developed regions, excluding least developed countries",,1966,7.30375,6.029,,
"Less developed regions, excluding least developed countries",,1967,7.30375,5.816,,
"Less developed regions, excluding least developed countries",,1968,7.30375,6.007,,
"Less developed regions, excluding least developed countries",,1969,7.30375,5.847,,
"Less developed regions, excluding least developed countries",,1970,7.30375,5.771,,
"Less developed regions, excluding least developed countries",,1971,7.30375,5.533,,
"Less developed regions, excluding least developed countries",,1972,7.30375,5.341,,
"Less developed regions, excluding least developed countries",,1973,7.30375,5.153,,
"Less developed regions, excluding least developed countries",,1974,7.30375,4.902,,
"Less developed regions, excluding least developed countries",,1975,7.30375,4.637,,
"Less developed regions, excluding least developed countries",,1976,7.30375,4.478,,
"Less developed regions, excluding least developed countries",,1977,7.30375,4.283,,
"Less developed regions, excluding least developed countries",,1978,7.30375,4.184,,
"Less developed regions, excluding least developed countries",,1979,7.30375,4.147,,
"Less developed regions, excluding least developed countries",,1980,7.30375,4.096,,
"Less developed regions, excluding least developed countries",,1981,7.30375,4.049,,
"Less developed regions, excluding least developed countries",,1982,7.30375,4.042,,
"Less developed regions, excluding least developed countries",,1983,7.30375,3.839,,
"Less developed regions, excluding least developed countries",,1984,7.30375,3.794,,
"Less developed regions, excluding least developed countries",,1985,7.30375,3.734,,
"Less developed regions, excluding least developed countries",,1986,7.30375,3.712,,
"Less developed regions, excluding least developed countries",,1987,7.30375,3.667,,
"Less developed regions, excluding least developed countries",,1988,7.30375,3.54,,
"Less developed regions, excluding least developed countries",,1989,7.30375,3.481,,
"Less developed regions, excluding least developed countries",,1990,7.30375,3.428,,
"Less developed regions, excluding least developed countries",,1991,7.30375,3.186,,
"Less developed regions, excluding least developed countries",,1992,7.30375,3.078,,
"Less developed regions, excluding least developed countries",,1993,7.30375,3.001,,
"Less developed regions, excluding least developed countries",,1994,7.30375,2.936,,
"Less developed regions, excluding least developed countries",,1995,7.30375,2.88,,
"Less developed regions, excluding least developed countries",,1996,7.30375,2.821,,
"Less developed regions, excluding least developed countries",,1997,7.30375,2.771,,
"Less developed regions, excluding least developed countries",,1998,7.30375,2.726,,
"Less developed regions, excluding least developed countries",,1999,7.30375,2.691,,
"Less developed regions, excluding least developed countries",,2000,7.30375,2.692,,
"Less developed regions, excluding least developed countries",,2001,7.30375,2.642,,
"Less developed regions, excluding least developed countries",,2002,7.30375,2.599,,
"Less developed regions, excluding least developed countries",,2003,7.30375,2.563,,
"Less developed regions, excluding least developed countries",,2004,7.30375,2.544,,
"Less developed regions, excluding least developed countries",,2005,7.30375,2.521,,
"Less developed regions, excluding least developed countries",,2006,7.30375,2.507,,
"Less developed regions, excluding least developed countries",,2007,7.30375,2.497,,
"Less developed regions, excluding least developed countries",,2008,7.30375,2.497,,
"Less developed regions, excluding least developed countries",,2009,7.30375,2.493,,
"Less developed regions, excluding least developed countries",,2010,7.30375,2.471,,
"Less developed regions, excluding least developed countries",,2011,7.30375,2.458,,
"Less developed regions, excluding least developed countries",,2012,7.30375,2.481,,
"Less developed regions, excluding least developed countries",,2013,7.30375,2.436,,
"Less developed regions, excluding least developed countries",,2014,7.30375,2.421,,
"Less developed regions, excluding least developed countries",,2015,7.30375,2.382,,
"Less developed regions, excluding least developed countries",,2016,7.30375,2.379,,
"Less developed regions, excluding least developed countries",,2017,7.30375,2.343,,
"Less developed regions, excluding least developed countries",,2018,7.30375,2.256,,
"Less developed regions, excluding least developed countries",,2019,7.30375,2.207,,
"Less developed regions, excluding least developed countries",,2020,7.30375,2.109,,
"Less developed regions, excluding least developed countries",,2021,7.30375,2.064,,
"Less developed regions, excluding least developed countries",,2022,7.30375,2.034,,
"Less developed regions, excluding least developed countries",,2023,7.30375,2.02,,
Low-income countries,OWID_LIC,1950,21.63,6.477,,
Low-income countries,OWID_LIC,1951,21.63,6.246,,
Low-income countries,OWID_LIC,1952,21.63,6.262,,
Low-income countries,OWID_LIC,1953,21.63,6.323,,
Low-income countries,OWID_LIC,1954,21.63,6.372,,
Low-income countries,OWID_LIC,1955,21.63,6.395,,
Low-income countries,OWID_LIC,1956,21.63,6.383,,
Low-income countries,OWID_LIC,1957,21.63,6.47,,
Low-income countries,OWID_LIC,1958,21.63,6.479,,
Low-income countries,OWID_LIC,1959,21.63,6.421,,
Low-income countries,OWID_LIC,1960,21.63,6.437,,
Low-income countries,OWID_LIC,1961,21.63,6.414,,
Low-income countries,OWID_LIC,1962,21.63,6.448,,
Low-income countries,OWID_LIC,1963,21.63,6.49,,
Low-income countries,OWID_LIC,1964,21.63,6.502,,
Low-income countries,OWID_LIC,1965,21.63,6.522,,
Low-income countries,OWID_LIC,1966,21.63,6.567,,
Low-income countries,OWID_LIC,1967,21.63,6.631,,
Low-income countries,OWID_LIC,1968,21.63,6.633,,
Low-income countries,OWID_LIC,1969,21.63,6.649,,
Low-income countries,OWID_LIC,1970,21.63,6.671,,
Low-income countries,OWID_LIC,1971,21.63,6.678,,
Low-income countries,OWID_LIC,1972,21.63,6.712,,
Low-income countries,OWID_LIC,1973,21.63,6.664,,
Low-income countries,OWID_LIC,1974,21.63,6.653,,
Low-income countries,OWID_LIC,1975,21.63,6.655,,
Low-income countries,OWID_LIC,1976,21.63,6.644,,
Low-income countries,OWID_LIC,1977,21.63,6.65,,
Low-income countries,OWID_LIC,1978,21.63,6.663,,
Low-income countries,OWID_LIC,1979,21.63,6.678,,
Low-income countries,OWID_LIC,1980,21.63,6.68,,
Low-income countries,OWID_LIC,1981,21.21,6.682,,
Low-income countries,OWID_LIC,1982,21.08,6.665,,
Low-income countries,OWID_LIC,1983,22.61,6.652,,
Low-income countries,OWID_LIC,1984,22.4,6.638,,
Low-income countries,OWID_LIC,1985,21.98,6.625,,
Low-income countries,OWID_LIC,1986,21.17,6.608,,
Low-income countries,OWID_LIC,1987,19.66,6.584,,
Low-income countries,OWID_LIC,1988,20.54,6.552,,
Low-income countries,OWID_LIC,1989,18.67,6.516,,
Low-income countries,OWID_LIC,1990,18.41,6.484,,
Low-income countries,OWID_LIC,1991,18.86,6.448,,
Low-income countries,OWID_LIC,1992,18.58,6.414,,
Low-income countries,OWID_LIC,1993,17.57,6.383,,
Low-income countries,OWID_LIC,1994,17.45,6.348,,
Low-income countries,OWID_LIC,1995,16.85,6.315,,
Low-income countries,OWID_LIC,1996,16.45,6.257,,
Low-income countries,OWID_LIC,1997,16.05,6.212,,
Low-income countries,OWID_LIC,1998,15.98,6.165,,
Low-income countries,OWID_LIC,1999,15.04,6.116,,
Low-income countries,OWID_LIC,2000,14.51,6.065,,
Low-income countries,OWID_LIC,2001,13.95,6.001,,
Low-income countries,OWID_LIC,2002,13.39,5.936,,
Low-income countries,OWID_LIC,2003,12.7,5.874,,
Low-income countries,OWID_LIC,2004,12.23,5.817,,
Low-income countries,OWID_LIC,2005,11.71,5.758,,
Low-income countries,OWID_LIC,2006,11.12,5.701,,
Low-income countries,OWID_LIC,2007,10.63,5.631,,
Low-income countries,OWID_LIC,2008,10.17,5.56,,
Low-income countries,OWID_LIC,2009,10.17,5.494,,
Low-income countries,OWID_LIC,2010,9.5,5.413,,
Low-income countries,OWID_LIC,2011,9.72,5.322,,
Low-income countries,OWID_LIC,2012,8.86,5.24,,
Low-income countries,OWID_LIC,2013,8.49,5.164,,
Low-income countries,OWID_LIC,2014,8.46,5.106,,
Low-income countries,OWID_LIC,2015,8.25,5.053,,
Low-income countries,OWID_LIC,2016,8.02,4.995,,
Low-income countries,OWID_LIC,2017,7.9,4.936,,
Low-income countries,OWID_LIC,2018,7.35,4.878,,
Low-income countries,OWID_LIC,2019,7.16,4.813,,
Low-income countries,OWID_LIC,2020,6.82,4.742,,
Low-income countries,OWID_LIC,2021,6.68,4.67,,
Low-income countries,OWID_LIC,2022,6.85,4.602,,
Low-income countries,OWID_LIC,2023,6.23,4.532,,
Lower-middle-income countries,OWID_LMC,1950,16.47,5.801,,
Lower-middle-income countries,OWID_LMC,1951,16.47,5.809,,
Lower-middle-income countries,OWID_LMC,1952,16.47,5.87,,
Lower-middle-income countries,OWID_LMC,1953,16.47,5.891,,
Lower-middle-income countries,OWID_LMC,1954,16.47,5.935,,
Lower-middle-income countries,OWID_LMC,1955,16.47,5.939,,
Lower-middle-income countries,OWID_LMC,1956,16.47,5.954,,
Lower-middle-income countries,OWID_LMC,1957,16.47,5.986,,
Lower-middle-income countries,OWID_LMC,1958,16.47,5.996,,
Lower-middle-income countries,OWID_LMC,1959,16.47,6.008,,
Lower-middle-income countries,OWID_LMC,1960,16.47,6.036,,
Lower-middle-income countries,OWID_LMC,1961,16.47,6.02,,
Lower-middle-income countries,OWID_LMC,1962,16.47,6.061,,
Lower-middle-income countries,OWID_LMC,1963,16.47,6.069,,
Lower-middle-income countries,OWID_LMC,1964,16.47,6.061,,
Lower-middle-income countries,OWID_LMC,1965,16.47,6.028,,
Lower-middle-income countries,OWID_LMC,1966,16.47,5.991,,
Lower-middle-income countries,OWID_LMC,1967,16.47,5.958,,
Lower-middle-income countries,OWID_LMC,1968,16.47,5.923,,
Lower-middle-income countries,OWID_LMC,1969,16.47,5.879,,
Lower-middle-income countries,OWID_LMC,1970,16.47,5.847,,
Lower-middle-income countries,OWID_LMC,1971,16.47,5.811,,
Lower-middle-income countries,OWID_LMC,1972,16.47,5.759,,
Lower-middle-income countries,OWID_LMC,1973,16.47,5.701,,
Lower-middle-income countries,OWID_LMC,1974,16.47,5.64,,
Lower-middle-income countries,OWID_LMC,1975,16.47,5.558,,
Lower-middle-income countries,OWID_LMC,1976,16.47,5.509,,
Lower-middle-income countries,OWID_LMC,1977,16.47,5.429,,
Lower-middle-income countries,OWID_LMC,1978,16.47,5.358,,
Lower-middle-income countries,OWID_LMC,1979,16.47,5.302,,
Lower-middle-income countries,OWID_LMC,1980,16.47,5.263,,
Lower-middle-income countries,OWID_LMC,1981,16.02,5.199,,
Lower-middle-income countries,OWID_LMC,1982,15.6,5.139,,
Lower-middle-income countries,OWID_LMC,1983,15.18,5.086,,
Lower-middle-income countries,OWID_LMC,1984,14.8,5.021,,
Lower-middle-income countries,OWID_LMC,1985,14.44,4.925,,
Lower-middle-income countries,OWID_LMC,1986,14.09,4.851,,
Lower-middle-income countries,OWID_LMC,1987,13.75,4.746,,
Lower-middle-income countries,OWID_LMC,1988,13.41,4.648,,
Lower-middle-income countries,OWID_LMC,1989,13.09,4.555,,
Lower-middle-income countries,OWID_LMC,1990,12.79,4.463,,
Lower-middle-income countries,OWID_LMC,1991,12.5,4.366,,
Lower-middle-income countries,OWID_LMC,1992,12.23,4.256,,
Lower-middle-income countries,OWID_LMC,1993,11.97,4.15,,
Lower-middle-income countries,OWID_LMC,1994,11.71,4.055,,
Lower-middle-income countries,OWID_LMC,1995,11.44,3.958,,
Lower-middle-income countries,OWID_LMC,1996,11.17,3.866,,
Lower-middle-income countries,OWID_LMC,1997,10.86,3.786,,
Lower-middle-income countries,OWID_LMC,1998,10.55,3.708,,
Lower-middle-income countries,OWID_LMC,1999,10.2,3.646,,
Lower-middle-income countries,OWID_LMC,2000,9.85,3.602,,
Lower-middle-income countries,OWID_LMC,2001,9.49,3.55,,
Lower-middle-income countries,OWID_LMC,2002,9.13,3.479,,
Lower-middle-income countries,OWID_LMC,2003,8.8,3.41,,
Lower-middle-income countries,OWID_LMC,2004,8.48,3.347,,
Lower-middle-income countries,OWID_LMC,2005,8.17,3.284,,
Lower-middle-income countries,OWID_LMC,2006,7.88,3.236,,
Lower-middle-income countries,OWID_LMC,2007,7.58,3.186,,
Lower-middle-income countries,OWID_LMC,2008,7.35,3.154,,
Lower-middle-income countries,OWID_LMC,2009,7.04,3.127,,
Lower-middle-income countries,OWID_LMC,2010,6.8,3.078,,
Lower-middle-income countries,OWID_LMC,2011,6.54,3.034,,
Lower-middle-income countries,OWID_LMC,2012,6.3,2.996,,
Lower-middle-income countries,OWID_LMC,2013,6.08,2.954,,
Lower-middle-income countries,OWID_LMC,2014,5.87,2.897,,
Lower-middle-income countries,OWID_LMC,2015,5.68,2.88,,
Lower-middle-income countries,OWID_LMC,2016,5.48,2.849,,
Lower-middle-income countries,OWID_LMC,2017,5.3,2.783,,
Lower-middle-income countries,OWID_LMC,2018,5.13,2.741,,
Lower-middle-income countries,OWID_LMC,2019,4.95,2.683,,
Lower-middle-income countries,OWID_LMC,2020,4.79,2.627,,
Lower-middle-income countries,OWID_LMC,2021,4.63,2.594,,
Lower-middle-income countries,OWID_LMC,2022,4.49,2.571,,
Lower-middle-income countries,OWID_LMC,2023,4.35,2.554,,
More developed regions,,1950,7.30375,2.864,,
More developed regions,,1951,7.30375,2.816,,
More developed regions,,1952,7.30375,2.796,,
More developed regions,,1953,7.30375,2.763,,
More developed regions,,1954,7.30375,2.764,,
More developed regions,,1955,7.30375,2.757,,
More developed regions,,1956,7.30375,2.751,,
More developed regions,,1957,7.30375,2.751,,
More developed regions,,1958,7.30375,2.759,,
More developed regions,,1959,7.30375,2.759,,
More developed regions,,1960,7.30375,2.745,,
More developed regions,,1961,7.30375,2.721,,
More developed regions,,1962,7.30375,2.662,,
More developed regions,,1963,7.30375,2.639,,
More developed regions,,1964,7.30375,2.603,,
More developed regions,,1965,7.30375,2.522,,
More developed regions,,1966,7.30375,2.407,,
More developed regions,,1967,7.30375,2.437,,
More developed regions,,1968,7.30375,2.376,,
More developed regions,,1969,7.30375,2.342,,
More developed regions,,1970,7.30375,2.319,,
More developed regions,,1971,7.30375,2.281,,
More developed regions,,1972,7.30375,2.189,,
More developed regions,,1973,7.30375,2.114,,
More developed regions,,1974,7.30375,2.084,,
More developed regions,,1975,7.30375,2.011,,
More developed regions,,1976,7.30375,1.968,,
More developed regions,,1977,7.30375,1.943,,
More developed regions,,1978,7.30375,1.913,,
More developed regions,,1979,7.30375,1.904,,
More developed regions,,1980,7.30375,1.893,,
More developed regions,,1981,7.30375,1.86,,
More developed regions,,1982,7.30375,1.858,,
More developed regions,,1983,7.30375,1.851,,
More developed regions,,1984,7.30375,1.833,,
More developed regions,,1985,7.30375,1.819,,
More developed regions,,1986,7.30375,1.824,,
More developed regions,,1987,7.30375,1.822,,
More developed regions,,1988,7.30375,1.816,,
More developed regions,,1989,7.30375,1.788,,
More developed regions,,1990,7.30375,1.775,,
More developed regions,,1991,7.30375,1.728,,
More developed regions,,1992,7.30375,1.678,,
More developed regions,,1993,7.30375,1.622,,
More developed regions,,1994,7.30375,1.602,,
More developed regions,,1995,7.30375,1.571,,
More developed regions,,1996,7.30375,1.562,,
More developed regions,,1997,7.30375,1.55,,
More developed regions,,1998,7.30375,1.55,,
More developed regions,,1999,7.30375,1.542,,
More developed regions,,2000,7.30375,1.561,,
More developed regions,,2001,7.30375,1.551,,
More developed regions,,2002,7.30375,1.559,,
More developed regions,,2003,7.30375,1.579,,
More developed regions,,2004,7.30375,1.596,,
More developed regions,,2005,7.30375,1.596,,
More developed regions,,2006,7.30375,1.632,,
More developed regions,,2007,7.30375,1.67,,
More developed regions,,2008,7.30375,1.7,,
More developed regions,,2009,7.30375,1.69,,
More developed regions,,2010,7.30375,1.677,,
More developed regions,,2011,7.30375,1.657,,
More developed regions,,2012,7.30375,1.671,,
More developed regions,,2013,7.30375,1.653,,
More developed regions,,2014,7.30375,1.664,,
More developed regions,,2015,7.30375,1.66,,
More developed regions,,2016,7.30375,1.654,,
More developed regions,,2017,7.30375,1.604,,
More developed regions,,2018,7.30375,1.57,,
More developed regions,,2019,7.30375,1.535,,
More developed regions,,2020,7.30375,1.498,,
More developed regions,,2021,7.30375,1.507,,
More developed regions,,2022,7.30375,1.477,,
More developed regions,,2023,7.30375,1.452,,
North America,OWID_NAM,1950,6.76,3.8043504,,
North America,OWID_NAM,1951,6.76,3.8898606,,
North America,OWID_NAM,1952,6.58,3.9698787,,
North America,OWID_NAM,1953,6.37,4.028781,,
North America,OWID_NAM,1954,6.16,4.1252365,,
North America,OWID_NAM,1955,6.23,4.1587663,,
North America,OWID_NAM,1956,6.57,4.239658,,
North America,OWID_NAM,1957,6.66,4.30163,,
North America,OWID_NAM,1958,6.44,4.3406005,,
North America,OWID_NAM,1959,6.28,4.3489094,,
North America,OWID_NAM,1960,6.14,4.3585887,,
North America,OWID_NAM,1961,5.99,4.340236,,
North America,OWID_NAM,1962,5.86,4.2417483,,
North America,OWID_NAM,1963,5.73,4.150096,,
North America,OWID_NAM,1964,5.61,4.062967,,
North America,OWID_NAM,1965,5.48,3.8723707,,
North America,OWID_NAM,1966,5.36,3.7089016,,
North America,OWID_NAM,1967,5.24,3.573783,,
North America,OWID_NAM,1968,5.11,3.4837909,,
North America,OWID_NAM,1969,4.98,3.4575992,,
North America,OWID_NAM,1970,4.85,3.4301722,,
North America,OWID_NAM,1971,4.7,3.267387,,
North America,OWID_NAM,1972,4.58,3.0577521,,
North America,OWID_NAM,1973,4.42,2.9295118,,
North America,OWID_NAM,1974,4.29,2.8557389,,
North America,OWID_NAM,1975,4.13,2.7705348,,
North America,OWID_NAM,1976,4.03,2.7066262,,
North America,OWID_NAM,1977,3.84,2.695135,,
North America,OWID_NAM,1978,3.7,2.645372,,
North America,OWID_NAM,1979,3.57,2.629843,,
North America,OWID_NAM,1980,3.46,2.5988743,,
North America,OWID_NAM,1981,3.31,2.5603702,,
North America,OWID_NAM,1982,3.23,2.5507786,,
North America,OWID_NAM,1983,3.07,2.5176473,,
North America,OWID_NAM,1984,2.97,2.4992476,,
North America,OWID_NAM,1985,2.87,2.4970105,,
North America,OWID_NAM,1986,2.78,2.478307,,
North America,OWID_NAM,1987,2.69,2.476652,,
North America,OWID_NAM,1988,2.6,2.494193,,
North America,OWID_NAM,1989,2.52,2.5262873,,
North America,OWID_NAM,1990,2.43,2.5432146,,
North America,OWID_NAM,1991,2.34,2.5146444,,
North America,OWID_NAM,1992,2.25,2.4855387,,
North America,OWID_NAM,1993,2.17,2.451382,,
North America,OWID_NAM,1994,2.08,2.4223242,,
North America,OWID_NAM,1995,2.01,2.3889124,,
North America,OWID_NAM,1996,1.93,2.3637447,,
North America,OWID_NAM,1997,1.87,2.3392942,,
North America,OWID_NAM,1998,1.84,2.3306787,,
North America,OWID_NAM,1999,1.74,2.3214195,,
North America,OWID_NAM,2000,1.69,2.3272805,,
North America,OWID_NAM,2001,1.64,2.301309,,
North America,OWID_NAM,2002,1.59,2.2772021,,
North America,OWID_NAM,2003,1.55,2.2678351,,
North America,OWID_NAM,2004,1.51,2.2513099,,
North America,OWID_NAM,2005,1.47,2.2374172,,
North America,OWID_NAM,2006,1.44,2.2452502,,
North America,OWID_NAM,2007,1.4,2.2398806,,
North America,OWID_NAM,2008,1.37,2.209838,,
North America,OWID_NAM,2009,1.34,2.1684575,,
North America,OWID_NAM,2010,1.41,2.119871,,
North America,OWID_NAM,2011,1.27,2.0942779,,
North America,OWID_NAM,2012,1.24,2.075143,,
North America,OWID_NAM,2013,1.21,2.0513146,,
North America,OWID_NAM,2014,1.19,2.0388033,,
North America,OWID_NAM,2015,1.16,2.0081358,,
North America,OWID_NAM,2016,1.14,1.9728338,,
North America,OWID_NAM,2017,1.11,1.9253684,,
North America,OWID_NAM,2018,1.09,1.8944266,,
North America,OWID_NAM,2019,1.07,1.8635086,,
North America,OWID_NAM,2020,1.05,1.8093059,,
North America,OWID_NAM,2021,1.04,1.8073522,,
North America,OWID_NAM,2022,1.02,1.8062992,,
North America,OWID_NAM,2023,1.0,1.7720436,,
Northern America (UN),UN_NAM,1950,7.30375,3.105,,
Northern America (UN),UN_NAM,1951,7.30375,3.212,,
Northern America (UN),UN_NAM,1952,7.30375,3.31,,
Northern America (UN),UN_NAM,1953,7.30375,3.379,,
Northern America (UN),UN_NAM,1954,7.30375,3.496,,
Northern America (UN),UN_NAM,1955,7.30375,3.533,,
Northern America (UN),UN_NAM,1956,7.30375,3.635,,
Northern America (UN),UN_NAM,1957,7.30375,3.714,,
Northern America (UN),UN_NAM,1958,7.30375,3.758,,
Northern America (UN),UN_NAM,1959,7.30375,3.756,,
Northern America (UN),UN_NAM,1960,7.30375,3.74,,
Northern America (UN),UN_NAM,1961,7.30375,3.698,,
Northern America (UN),UN_NAM,1962,7.30375,3.547,,
Northern America (UN),UN_NAM,1963,7.30375,3.41,,
Northern America (UN),UN_NAM,1964,7.30375,3.274,,
Northern America (UN),UN_NAM,1965,7.30375,2.992,,
Northern America (UN),UN_NAM,1966,7.30375,2.768,,
Northern America (UN),UN_NAM,1967,7.30375,2.599,,
Northern America (UN),UN_NAM,1968,7.30375,2.499,,
Northern America (UN),UN_NAM,1969,7.30375,2.49,,
Northern America (UN),UN_NAM,1970,7.30375,2.491,,
Northern America (UN),UN_NAM,1971,7.30375,2.297,,
Northern America (UN),UN_NAM,1972,7.30375,2.045,,
Northern America (UN),UN_NAM,1973,7.30375,1.914,,
Northern America (UN),UN_NAM,1974,7.30375,1.866,,
Northern America (UN),UN_NAM,1975,7.30375,1.813,,
Northern America (UN),UN_NAM,1976,7.30375,1.782,,
Northern America (UN),UN_NAM,1977,7.30375,1.816,,
Northern America (UN),UN_NAM,1978,7.30375,1.792,,
Northern America (UN),UN_NAM,1979,7.30375,1.826,,
Northern America (UN),UN_NAM,1980,7.30375,1.84,,
Northern America (UN),UN_NAM,1981,7.30375,1.825,,
Northern America (UN),UN_NAM,1982,7.30375,1.831,,
Northern America (UN),UN_NAM,1983,7.30375,1.804,,
Northern America (UN),UN_NAM,1984,7.30375,1.804,,
Northern America (UN),UN_NAM,1985,7.30375,1.828,,
Northern America (UN),UN_NAM,1986,7.30375,1.825,,
Northern America (UN),UN_NAM,1987,7.30375,1.853,,
Northern America (UN),UN_NAM,1988,7.30375,1.907,,
Northern America (UN),UN_NAM,1989,7.30375,1.977,,
Northern America (UN),UN_NAM,1990,7.30375,2.034,,
Northern America (UN),UN_NAM,1991,7.30375,2.025,,
Northern America (UN),UN_NAM,1992,7.30375,2.008,,
Northern America (UN),UN_NAM,1993,7.30375,1.979,,
Northern America (UN),UN_NAM,1994,7.30375,1.959,,
Northern America (UN),UN_NAM,1995,7.30375,1.936,,
Northern America (UN),UN_NAM,1996,7.30375,1.928,,
Northern America (UN),UN_NAM,1997,7.30375,1.917,,
Northern America (UN),UN_NAM,1998,7.30375,1.938,,
Northern America (UN),UN_NAM,1999,7.30375,1.946,,
Northern America (UN),UN_NAM,2000,7.30375,1.979,,
Northern America (UN),UN_NAM,2001,7.30375,1.964,,
Northern America (UN),UN_NAM,2002,7.30375,1.955,,
Northern America (UN),UN_NAM,2003,7.30375,1.977,,
Northern America (UN),UN_NAM,2004,7.30375,1.984,,
Northern America (UN),UN_NAM,2005,7.30375,1.994,,
Northern America (UN),UN_NAM,2006,7.30375,2.041,,
Northern America (UN),UN_NAM,2007,7.30375,2.054,,
Northern America (UN),UN_NAM,2008,7.30375,2.018,,
Northern America (UN),UN_NAM,2009,7.30375,1.957,,
Northern America (UN),UN_NAM,2010,7.30375,1.89,,
Northern America (UN),UN_NAM,2011,7.30375,1.856,,
Northern America (UN),UN_NAM,2012,7.30375,1.84,,
Northern America (UN),UN_NAM,2013,7.30375,1.818,,
Northern America (UN),UN_NAM,2014,7.30375,1.826,,
Northern America (UN),UN_NAM,2015,7.30375,1.811,,
Northern America (UN),UN_NAM,2016,7.30375,1.784,,
Northern America (UN),UN_NAM,2017,7.30375,1.734,,
Northern America (UN),UN_NAM,2018,7.30375,1.695,,
Northern America (UN),UN_NAM,2019,7.30375,1.664,,
Northern America (UN),UN_NAM,2020,7.30375,1.596,,
Northern America (UN),UN_NAM,2021,7.30375,1.614,,
Northern America (UN),UN_NAM,2022,7.30375,1.636,,
Northern America (UN),UN_NAM,2023,7.30375,1.597,,
Oceania,OWID_OCE,1949,6.88,3.6668189,,
Oceania,OWID_OCE,1950,6.77,3.6668189,,
Oceania,OWID_OCE,1951,6.93,3.687441,,
Oceania,OWID_OCE,1952,6.46,3.7854252,,
Oceania,OWID_OCE,1953,6.28,3.8036237,,
Oceania,OWID_OCE,1954,6.12,3.8231747,,
Oceania,OWID_OCE,1955,5.96,3.895869,,
Oceania,OWID_OCE,1956,5.8,3.949168,,
Oceania,OWID_OCE,1957,5.65,4.017965,,
Oceania,OWID_OCE,1958,5.53,4.0353746,,
Oceania,OWID_OCE,1959,5.39,4.0612736,,
Oceania,OWID_OCE,1960,5.25,4.088014,,
Oceania,OWID_OCE,1961,5.1,4.1579723,,
Oceania,OWID_OCE,1962,4.96,4.072438,,
Oceania,OWID_OCE,1963,4.82,3.9979084,,
Oceania,OWID_OCE,1964,4.7,3.844038,,
Oceania,OWID_OCE,1965,4.56,3.7018971,,
Oceania,OWID_OCE,1966,4.44,3.6255162,,
Oceania,OWID_OCE,1967,4.34,3.5852757,,
Oceania,OWID_OCE,1968,4.25,3.5982573,,
Oceania,OWID_OCE,1969,4.15,3.5828218,,
Oceania,OWID_OCE,1970,4.05,3.5256393,,
Oceania,OWID_OCE,1971,3.92,3.5718153,,
Oceania,OWID_OCE,1972,3.8,3.4125051,,
Oceania,OWID_OCE,1973,3.67,3.1928043,,
Oceania,OWID_OCE,1974,3.54,3.07286,,
Oceania,OWID_OCE,1975,3.41,2.920262,,
Oceania,OWID_OCE,1976,3.27,2.8038883,,
Oceania,OWID_OCE,1977,3.15,2.7539039,,
Oceania,OWID_OCE,1978,3.04,2.6799197,,
Oceania,OWID_OCE,1979,2.95,2.6346235,,
Oceania,OWID_OCE,1980,2.86,2.5970423,,
Oceania,OWID_OCE,1981,2.78,2.6063647,,
Oceania,OWID_OCE,1982,2.71,2.587863,,
Oceania,OWID_OCE,1983,2.65,2.5752776,,
Oceania,OWID_OCE,1984,2.6,2.530682,,
Oceania,OWID_OCE,1985,2.55,2.5397809,,
Oceania,OWID_OCE,1986,2.49,2.5153184,,
Oceania,OWID_OCE,1987,2.44,2.5030062,,
Oceania,OWID_OCE,1988,2.37,2.4997544,,
Oceania,OWID_OCE,1989,2.31,2.4964588,,
Oceania,OWID_OCE,1990,2.25,2.537209,,
Oceania,OWID_OCE,1991,2.19,2.4923592,,
Oceania,OWID_OCE,1992,2.14,2.506914,,
Oceania,OWID_OCE,1993,2.1,2.4890022,,
Oceania,OWID_OCE,1994,2.07,2.469519,,
Oceania,OWID_OCE,1995,2.04,2.4476361,,
Oceania,OWID_OCE,1996,2.02,2.4336064,,
Oceania,OWID_OCE,1997,2.0,2.423818,,
Oceania,OWID_OCE,1998,1.99,2.4090114,,
Oceania,OWID_OCE,1999,1.98,2.423883,,
Oceania,OWID_OCE,2000,1.97,2.428219,,
Oceania,OWID_OCE,2001,1.96,2.4117298,,
Oceania,OWID_OCE,2002,1.95,2.417253,,
Oceania,OWID_OCE,2003,1.93,2.420421,,
Oceania,OWID_OCE,2004,1.92,2.43368,,
Oceania,OWID_OCE,2005,1.91,2.4639127,,
Oceania,OWID_OCE,2006,1.89,2.4825656,,
Oceania,OWID_OCE,2007,1.86,2.5515428,,
Oceania,OWID_OCE,2008,1.83,2.5599842,,
Oceania,OWID_OCE,2009,1.79,2.5144236,,
Oceania,OWID_OCE,2010,1.76,2.5001037,,
Oceania,OWID_OCE,2011,1.72,2.4687498,,
Oceania,OWID_OCE,2012,1.68,2.4635663,,
Oceania,OWID_OCE,2013,1.64,2.418012,,
Oceania,OWID_OCE,2014,1.61,2.3560889,,
Oceania,OWID_OCE,2015,1.58,2.3451734,,
Oceania,OWID_OCE,2016,1.55,2.313491,,
Oceania,OWID_OCE,2017,1.52,2.264939,,
Oceania,OWID_OCE,2018,1.49,2.2449045,,
Oceania,OWID_OCE,2019,1.47,2.1904926,,
Oceania,OWID_OCE,2020,1.44,2.1407125,,
Oceania,OWID_OCE,2021,1.42,2.1636748,,
Oceania,OWID_OCE,2022,1.39,2.1492639,,
Oceania,OWID_OCE,2023,1.35,2.1344285,,
Oceania (UN),UN_OCE,1950,7.30375,3.687,,
Oceania (UN),UN_OCE,1951,7.30375,3.703,,
Oceania (UN),UN_OCE,1952,7.30375,3.798,,
Oceania (UN),UN_OCE,1953,7.30375,3.817,,
Oceania (UN),UN_OCE,1954,7.30375,3.842,,
Oceania (UN),UN_OCE,1955,7.30375,3.92,,
Oceania (UN),UN_OCE,1956,7.30375,3.98,,
Oceania (UN),UN_OCE,1957,7.30375,4.054,,
Oceania (UN),UN_OCE,1958,7.30375,4.074,,
Oceania (UN),UN_OCE,1959,7.30375,4.101,,
Oceania (UN),UN_OCE,1960,7.30375,4.126,,
Oceania (UN),UN_OCE,1961,7.30375,4.2,,
Oceania (UN),UN_OCE,1962,7.30375,4.116,,
Oceania (UN),UN_OCE,1963,7.30375,4.042,,
Oceania (UN),UN_OCE,1964,7.30375,3.888,,
Oceania (UN),UN_OCE,1965,7.30375,3.742,,
Oceania (UN),UN_OCE,1966,7.30375,3.659,,
Oceania (UN),UN_OCE,1967,7.30375,3.617,,
Oceania (UN),UN_OCE,1968,7.30375,3.63,,
Oceania (UN),UN_OCE,1969,7.30375,3.612,,
Oceania (UN),UN_OCE,1970,7.30375,3.566,,
Oceania (UN),UN_OCE,1971,7.30375,3.604,,
Oceania (UN),UN_OCE,1972,7.30375,3.423,,
Oceania (UN),UN_OCE,1973,7.30375,3.207,,
Oceania (UN),UN_OCE,1974,7.30375,3.089,,
Oceania (UN),UN_OCE,1975,7.30375,2.932,,
Oceania (UN),UN_OCE,1976,7.30375,2.812,,
Oceania (UN),UN_OCE,1977,7.30375,2.761,,
Oceania (UN),UN_OCE,1978,7.30375,2.686,,
Oceania (UN),UN_OCE,1979,7.30375,2.643,,
Oceania (UN),UN_OCE,1980,7.30375,2.609,,
Oceania (UN),UN_OCE,1981,7.30375,2.621,,
Oceania (UN),UN_OCE,1982,7.30375,2.6,,
Oceania (UN),UN_OCE,1983,7.30375,2.584,,
Oceania (UN),UN_OCE,1984,7.30375,2.54,,
Oceania (UN),UN_OCE,1985,7.30375,2.552,,
Oceania (UN),UN_OCE,1986,7.30375,2.53,,
Oceania (UN),UN_OCE,1987,7.30375,2.52,,
Oceania (UN),UN_OCE,1988,7.30375,2.515,,
Oceania (UN),UN_OCE,1989,7.30375,2.51,,
Oceania (UN),UN_OCE,1990,7.30375,2.552,,
Oceania (UN),UN_OCE,1991,7.30375,2.506,,
Oceania (UN),UN_OCE,1992,7.30375,2.518,,
Oceania (UN),UN_OCE,1993,7.30375,2.499,,
Oceania (UN),UN_OCE,1994,7.30375,2.483,,
Oceania (UN),UN_OCE,1995,7.30375,2.464,,
Oceania (UN),UN_OCE,1996,7.30375,2.453,,
Oceania (UN),UN_OCE,1997,7.30375,2.442,,
Oceania (UN),UN_OCE,1998,7.30375,2.427,,
Oceania (UN),UN_OCE,1999,7.30375,2.442,,
Oceania (UN),UN_OCE,2000,7.30375,2.447,,
Oceania (UN),UN_OCE,2001,7.30375,2.432,,
Oceania (UN),UN_OCE,2002,7.30375,2.441,,
Oceania (UN),UN_OCE,2003,7.30375,2.444,,
Oceania (UN),UN_OCE,2004,7.30375,2.456,,
Oceania (UN),UN_OCE,2005,7.30375,2.488,,
Oceania (UN),UN_OCE,2006,7.30375,2.509,,
Oceania (UN),UN_OCE,2007,7.30375,2.581,,
Oceania (UN),UN_OCE,2008,7.30375,2.591,,
Oceania (UN),UN_OCE,2009,7.30375,2.542,,
Oceania (UN),UN_OCE,2010,7.30375,2.524,,
Oceania (UN),UN_OCE,2011,7.30375,2.49,,
Oceania (UN),UN_OCE,2012,7.30375,2.485,,
Oceania (UN),UN_OCE,2013,7.30375,2.438,,
Oceania (UN),UN_OCE,2014,7.30375,2.375,,
Oceania (UN),UN_OCE,2015,7.30375,2.364,,
Oceania (UN),UN_OCE,2016,7.30375,2.333,,
Oceania (UN),UN_OCE,2017,7.30375,2.282,,
Oceania (UN),UN_OCE,2018,7.30375,2.258,,
Oceania (UN),UN_OCE,2019,7.30375,2.199,,
Oceania (UN),UN_OCE,2020,7.30375,2.14,,
Oceania (UN),UN_OCE,2021,7.30375,2.168,,
Oceania (UN),UN_OCE,2022,7.30375,2.157,,
Oceania (UN),UN_OCE,2023,7.30375,2.142,,
Scotland,,1945,7.30375,2.423,,
Scotland,,1946,7.30375,2.846,,
Scotland,,1947,7.30375,2.97,,
Scotland,,1948,7.30375,2.605,,
Scotland,,1949,7.30375,2.496,,
South America,OWID_SAM,1950,18.34,5.5860415,,
South America,OWID_SAM,1951,18.34,5.5912037,,
South America,OWID_SAM,1952,18.34,5.5964165,,
South America,OWID_SAM,1953,18.34,5.604913,,
South America,OWID_SAM,1954,18.34,5.611427,,
South America,OWID_SAM,1955,18.34,5.6221123,,
South America,OWID_SAM,1956,17.71,5.6349516,,
South America,OWID_SAM,1957,17.26,5.6420164,,
South America,OWID_SAM,1958,16.82,5.642347,,
South America,OWID_SAM,1959,16.38,5.643314,,
South America,OWID_SAM,1960,16.31,5.6298194,,
South America,OWID_SAM,1961,15.85,5.607701,,
South America,OWID_SAM,1962,15.4,5.581278,,
South America,OWID_SAM,1963,14.97,5.5374312,,
South America,OWID_SAM,1964,14.54,5.4566703,,
South America,OWID_SAM,1965,14.12,5.3495483,,
South America,OWID_SAM,1966,13.71,5.2314167,,
South America,OWID_SAM,1967,13.34,5.1053905,,
South America,OWID_SAM,1968,12.99,4.982724,,
South America,OWID_SAM,1969,11.98,4.879826,,
South America,OWID_SAM,1970,11.91,4.7839684,,
South America,OWID_SAM,1971,11.4,4.692643,,
South America,OWID_SAM,1972,11.1,4.5993786,,
South America,OWID_SAM,1973,10.79,4.5141716,,
South America,OWID_SAM,1974,10.47,4.414227,,
South America,OWID_SAM,1975,10.12,4.3430543,,
South America,OWID_SAM,1976,9.75,4.2773285,,
South America,OWID_SAM,1977,9.36,4.2087812,,
South America,OWID_SAM,1978,8.97,4.131405,,
South America,OWID_SAM,1979,8.58,4.0565605,,
South America,OWID_SAM,1980,8.19,3.9782782,,
South America,OWID_SAM,1981,7.82,3.8961549,,
South America,OWID_SAM,1982,7.46,3.8092444,,
South America,OWID_SAM,1983,7.13,3.7130418,,
South America,OWID_SAM,1984,6.82,3.6130602,,
South America,OWID_SAM,1985,6.59,3.5131063,,
South America,OWID_SAM,1986,6.28,3.424579,,
South America,OWID_SAM,1987,6.04,3.3306754,,
South America,OWID_SAM,1988,5.82,3.246574,,
South America,OWID_SAM,1989,5.59,3.1699915,,
South America,OWID_SAM,1990,5.37,3.0926561,,
South America,OWID_SAM,1991,5.14,3.0234342,,
South America,OWID_SAM,1992,4.9,2.9468284,,
South America,OWID_SAM,1993,4.65,2.8958113,,
South America,OWID_SAM,1994,4.4,2.8373249,,
South America,OWID_SAM,1995,4.15,2.7832248,,
South America,OWID_SAM,1996,3.91,2.7173157,,
South America,OWID_SAM,1997,3.68,2.6641014,,
South America,OWID_SAM,1998,3.47,2.6121128,,
South America,OWID_SAM,1999,3.27,2.5410109,,
South America,OWID_SAM,2000,3.08,2.4663107,,
South America,OWID_SAM,2001,2.9,2.3946426,,
South America,OWID_SAM,2002,2.74,2.3303409,,
South America,OWID_SAM,2003,2.59,2.2708218,,
South America,OWID_SAM,2004,2.45,2.2341845,,
South America,OWID_SAM,2005,2.32,2.2016697,,
South America,OWID_SAM,2006,2.2,2.1590602,,
South America,OWID_SAM,2007,2.1,2.119132,,
South America,OWID_SAM,2008,2.0,2.091469,,
South America,OWID_SAM,2009,1.92,2.0648005,,
South America,OWID_SAM,2010,1.84,2.039334,,
South America,OWID_SAM,2011,1.78,2.0225012,,
South America,OWID_SAM,2012,1.72,1.9935387,,
South America,OWID_SAM,2013,1.67,1.97674,,
South America,OWID_SAM,2014,1.63,1.9739044,,
South America,OWID_SAM,2015,1.6,1.9556609,,
South America,OWID_SAM,2016,1.65,1.9023213,,
South America,OWID_SAM,2017,1.57,1.8909783,,
South America,OWID_SAM,2018,1.54,1.8756915,,
South America,OWID_SAM,2019,1.51,1.8225799,,
South America,OWID_SAM,2020,1.49,1.7524793,,
South America,OWID_SAM,2021,1.46,1.729807,,
South America,OWID_SAM,2022,1.44,1.7115034,,
South America,OWID_SAM,2023,1.43,1.6984931,,
Taiwan,TWN,1950,2.72,6.481,,
Taiwan,TWN,1951,2.72,6.637,,
Taiwan,TWN,1952,2.72,6.687,,
Taiwan,TWN,1953,2.72,6.681,,
Taiwan,TWN,1954,2.72,6.656,,
Taiwan,TWN,1955,2.72,6.586,,
Taiwan,TWN,1956,2.72,6.489,,
Taiwan,TWN,1957,2.72,6.334,,
Taiwan,TWN,1958,2.72,6.154,,
Taiwan,TWN,1959,2.72,5.942,,
Taiwan,TWN,1960,2.72,5.787,,
Taiwan,TWN,1961,2.72,5.666,,
Taiwan,TWN,1962,2.72,5.535,,
Taiwan,TWN,1963,2.72,5.387,,
Taiwan,TWN,1964,2.72,5.202,,
Taiwan,TWN,1965,2.72,4.994,,
Taiwan,TWN,1966,2.72,4.778,,
Taiwan,TWN,1967,2.72,4.534,,
Taiwan,TWN,1968,2.72,4.37,,
Taiwan,TWN,1969,2.72,4.184,,
Taiwan,TWN,1970,2.72,3.976,,
Taiwan,TWN,1971,2.53,3.723,,
Taiwan,TWN,1972,2.2,3.436,,
Taiwan,TWN,1973,2.17,3.249,,
Taiwan,TWN,1974,1.99,3.089,,
Taiwan,TWN,1975,1.97,2.973,,
Taiwan,TWN,1976,1.8,3.004,,
Taiwan,TWN,1977,1.66,2.738,,
Taiwan,TWN,1978,1.57,2.68,,
Taiwan,TWN,1979,1.5,2.645,,
Taiwan,TWN,1980,1.53,2.53,,
Taiwan,TWN,1981,1.43,2.453,,
Taiwan,TWN,1982,1.28,2.327,,
Taiwan,TWN,1983,1.18,2.179,,
Taiwan,TWN,1984,1.08,2.046,,
Taiwan,TWN,1985,1.06,1.884,,
Taiwan,TWN,1986,0.98,1.72,,
Taiwan,TWN,1987,0.85,1.715,,
Taiwan,TWN,1988,0.9,1.803,,
Taiwan,TWN,1989,0.89,1.743,,
Taiwan,TWN,1990,0.89,1.787,,
Taiwan,TWN,1991,0.84,1.746,,
Taiwan,TWN,1992,0.82,1.744,,
Taiwan,TWN,1993,0.78,1.767,,
Taiwan,TWN,1994,0.76,1.771,,
Taiwan,TWN,1995,0.9,1.782,,
Taiwan,TWN,1996,0.93,1.779,,
Taiwan,TWN,1997,0.9,1.736,,
Taiwan,TWN,1998,0.89,1.541,,
Taiwan,TWN,1999,0.91,1.533,,
Taiwan,TWN,2000,0.86,1.472,,
Taiwan,TWN,2001,0.8,1.404,,
Taiwan,TWN,2002,0.77,1.327,,
Taiwan,TWN,2003,0.69,1.248,,
Taiwan,TWN,2004,0.74,1.185,,
Taiwan,TWN,2005,0.7,1.133,,
Taiwan,TWN,2006,0.67,1.118,,
Taiwan,TWN,2007,0.66,1.102,,
Taiwan,TWN,2008,0.64,1.062,,
Taiwan,TWN,2009,0.56,1.005,,
Taiwan,TWN,2010,0.54,0.916,,
Taiwan,TWN,2011,0.54,1.059,,
Taiwan,TWN,2012,0.54,1.188,,
Taiwan,TWN,2013,0.54,1.13,,
Taiwan,TWN,2014,0.54,1.162,,
Taiwan,TWN,2015,0.54,1.185,,
Taiwan,TWN,2016,0.54,1.171,,
Taiwan,TWN,2017,0.54,1.121,,
Taiwan,TWN,2018,0.54,1.075,,
Taiwan,TWN,2019,0.54,1.045,,
Taiwan,TWN,2020,0.54,0.99,,
Taiwan,TWN,2021,0.54,0.975,,
Taiwan,TWN,2022,0.54,0.87,,
Taiwan,TWN,2023,0.54,0.87,,
Upper-middle-income countries,OWID_UMC,1950,7.92,5.318,,
Upper-middle-income countries,OWID_UMC,1951,7.92,5.264,,
Upper-middle-income countries,OWID_UMC,1952,7.92,5.683,,
Upper-middle-income countries,OWID_UMC,1953,7.92,5.458,,
Upper-middle-income countries,OWID_UMC,1954,7.92,5.591,,
Upper-middle-income countries,OWID_UMC,1955,7.92,5.578,,
Upper-middle-income countries,OWID_UMC,1956,7.92,5.361,,
Upper-middle-income countries,OWID_UMC,1957,7.92,5.655,,
Upper-middle-income countries,OWID_UMC,1958,7.92,5.276,,
Upper-middle-income countries,OWID_UMC,1959,7.92,4.771,,
Upper-middle-income countries,OWID_UMC,1960,7.92,4.636,,
Upper-middle-income countries,OWID_UMC,1961,7.92,4.326,,
Upper-middle-income countries,OWID_UMC,1962,7.92,5.458,,
Upper-middle-income countries,OWID_UMC,1963,7.92,6.176,,
Upper-middle-income countries,OWID_UMC,1964,7.92,5.714,,
Upper-middle-income countries,OWID_UMC,1965,7.92,5.652,,
Upper-middle-income countries,OWID_UMC,1966,7.92,5.48,,
Upper-middle-income countries,OWID_UMC,1967,7.92,5.194,,
Upper-middle-income countries,OWID_UMC,1968,7.92,5.535,,
Upper-middle-income countries,OWID_UMC,1969,7.92,5.344,,
Upper-middle-income countries,OWID_UMC,1970,7.92,5.277,,
Upper-middle-income countries,OWID_UMC,1971,7.92,4.964,,
Upper-middle-income countries,OWID_UMC,1972,7.92,4.725,,
Upper-middle-income countries,OWID_UMC,1973,7.92,4.492,,
Upper-middle-income countries,OWID_UMC,1974,7.92,4.164,,
Upper-middle-income countries,OWID_UMC,1975,7.92,3.816,,
Upper-middle-income countries,OWID_UMC,1976,7.92,3.605,,
Upper-middle-income countries,OWID_UMC,1977,7.92,3.362,,
Upper-middle-income countries,OWID_UMC,1978,7.92,3.264,,
Upper-middle-income countries,OWID_UMC,1979,7.92,3.248,,
Upper-middle-income countries,OWID_UMC,1980,7.92,3.205,,
Upper-middle-income countries,OWID_UMC,1981,7.54,3.188,,
Upper-middle-income countries,OWID_UMC,1982,7.19,3.243,,
Upper-middle-income countries,OWID_UMC,1983,6.92,2.98,,
Upper-middle-income countries,OWID_UMC,1984,6.66,2.958,,
Upper-middle-income countries,OWID_UMC,1985,6.43,2.928,,
Upper-middle-income countries,OWID_UMC,1986,6.2,2.949,,
Upper-middle-income countries,OWID_UMC,1987,6.02,2.943,,
Upper-middle-income countries,OWID_UMC,1988,5.91,2.789,,
Upper-middle-income countries,OWID_UMC,1989,5.79,2.742,,
Upper-middle-income countries,OWID_UMC,1990,5.64,2.701,,
Upper-middle-income countries,OWID_UMC,1991,5.5,2.351,,
Upper-middle-income countries,OWID_UMC,1992,5.32,2.225,,
Upper-middle-income countries,OWID_UMC,1993,5.15,2.153,,
Upper-middle-income countries,OWID_UMC,1994,4.95,2.103,,
Upper-middle-income countries,OWID_UMC,1995,4.76,2.064,,
Upper-middle-income countries,OWID_UMC,1996,4.57,2.02,,
Upper-middle-income countries,OWID_UMC,1997,4.37,1.983,,
Upper-middle-income countries,OWID_UMC,1998,4.17,1.956,,
Upper-middle-income countries,OWID_UMC,1999,3.97,1.928,,
Upper-middle-income countries,OWID_UMC,2000,3.77,1.95,,
Upper-middle-income countries,OWID_UMC,2001,3.57,1.893,,
Upper-middle-income countries,OWID_UMC,2002,3.38,1.875,,
Upper-middle-income countries,OWID_UMC,2003,3.19,1.862,,
Upper-middle-income countries,OWID_UMC,2004,3.09,1.875,,
Upper-middle-income countries,OWID_UMC,2005,2.85,1.879,,
Upper-middle-income countries,OWID_UMC,2006,2.69,1.886,,
Upper-middle-income countries,OWID_UMC,2007,2.52,1.902,,
Upper-middle-income countries,OWID_UMC,2008,2.37,1.925,,
Upper-middle-income countries,OWID_UMC,2009,2.22,1.935,,
Upper-middle-income countries,OWID_UMC,2010,2.1,1.927,,
Upper-middle-income countries,OWID_UMC,2011,1.99,1.931,,
Upper-middle-income countries,OWID_UMC,2012,1.88,2.009,,
Upper-middle-income countries,OWID_UMC,2013,1.8,1.962,,
Upper-middle-income countries,OWID_UMC,2014,1.71,1.991,,
Upper-middle-income countries,OWID_UMC,2015,1.64,1.928,,
Upper-middle-income countries,OWID_UMC,2016,1.57,1.956,,
Upper-middle-income countries,OWID_UMC,2017,1.49,1.943,,
Upper-middle-income countries,OWID_UMC,2018,1.47,1.804,,
Upper-middle-income countries,OWID_UMC,2019,1.44,1.762,,
Upper-middle-income countries,OWID_UMC,2020,1.44,1.619,,
Upper-middle-income countries,OWID_UMC,2021,1.43,1.554,,
Upper-middle-income countries,OWID_UMC,2022,1.41,1.501,,
Upper-middle-income countries,OWID_UMC,2023,1.41,1.479,,
World,OWID_WRL,1800,42.8,4.852,,
World,OWID_WRL,1801,42.7,4.852,,
World,OWID_WRL,1802,42.7,4.852,,
World,OWID_WRL,1803,42.6,4.852,,
World,OWID_WRL,1804,42.6,4.852,,
World,OWID_WRL,1805,42.6,4.852,,
World,OWID_WRL,1806,42.6,4.852,,
World,OWID_WRL,1807,42.5,4.852,,
World,OWID_WRL,1808,42.5,4.852,,
World,OWID_WRL,1809,42.5,4.852,,
World,OWID_WRL,1810,42.5,4.852,,
World,OWID_WRL,1811,42.4,4.852,,
World,OWID_WRL,1812,42.4,4.852,,
World,OWID_WRL,1813,42.3,4.852,,
World,OWID_WRL,1814,42.3,4.852,,
World,OWID_WRL,1815,42.2,4.852,,
World,OWID_WRL,1816,42.2,4.852,,
World,OWID_WRL,1817,42.2,4.852,,
World,OWID_WRL,1818,42.2,4.852,,
World,OWID_WRL,1819,42.2,4.852,,
World,OWID_WRL,1820,42.1,4.852,,
World,OWID_WRL,1821,42.1,4.852,,
World,OWID_WRL,1822,42.1,4.852,,
World,OWID_WRL,1823,42.1,4.852,,
World,OWID_WRL,1824,42.1,4.852,,
World,OWID_WRL,1825,42.1,4.852,,
World,OWID_WRL,1826,42.1,4.852,,
World,OWID_WRL,1827,42.1,4.852,,
World,OWID_WRL,1828,42.1,4.852,,
World,OWID_WRL,1829,42.1,4.852,,
World,OWID_WRL,1830,42.2,4.852,,
World,OWID_WRL,1831,42.2,4.852,,
World,OWID_WRL,1832,42.2,4.852,,
World,OWID_WRL,1833,42.2,4.852,,
World,OWID_WRL,1834,42.3,4.852,,
World,OWID_WRL,1835,42.2,4.852,,
World,OWID_WRL,1836,42.2,4.852,,
World,OWID_WRL,1837,42.2,4.852,,
World,OWID_WRL,1838,42.2,4.852,,
World,OWID_WRL,1839,42.1,4.852,,
World,OWID_WRL,1840,42.1,4.852,,
World,OWID_WRL,1841,42.1,4.852,,
World,OWID_WRL,1842,42.2,4.852,,
World,OWID_WRL,1843,42.1,4.852,,
World,OWID_WRL,1844,42.1,4.852,,
World,OWID_WRL,1845,42.0,4.852,,
World,OWID_WRL,1846,42.4,4.852,,
World,OWID_WRL,1847,42.2,4.852,,
World,OWID_WRL,1848,42.3,4.852,,
World,OWID_WRL,1849,42.3,4.852,,
World,OWID_WRL,1850,42.0,4.852,,
World,OWID_WRL,1851,42.4,4.852,,
World,OWID_WRL,1852,42.9,4.852,,
World,OWID_WRL,1853,43.2,4.852,,
World,OWID_WRL,1854,43.7,4.852,,
World,OWID_WRL,1855,44.0,4.852,,
World,OWID_WRL,1856,44.2,4.852,,
World,OWID_WRL,1857,44.2,4.852,,
World,OWID_WRL,1858,43.8,4.852,,
World,OWID_WRL,1859,43.7,4.852,,
World,OWID_WRL,1860,42.9,4.852,,
World,OWID_WRL,1861,42.9,4.852,,
World,OWID_WRL,1862,42.6,4.852,,
World,OWID_WRL,1863,42.5,4.852,,
World,OWID_WRL,1864,42.2,4.852,,
World,OWID_WRL,1865,42.3,4.852,,
World,OWID_WRL,1866,42.1,4.852,,
World,OWID_WRL,1867,42.0,4.852,,
World,OWID_WRL,1868,42.4,4.852,,
World,OWID_WRL,1869,42.1,4.852,,
World,OWID_WRL,1870,41.9,4.852,,
World,OWID_WRL,1871,42.2,4.852,,
World,OWID_WRL,1872,42.1,4.852,,
World,OWID_WRL,1873,41.8,4.852,,
World,OWID_WRL,1874,41.7,4.852,,
World,OWID_WRL,1875,41.5,4.852,,
World,OWID_WRL,1876,41.4,4.852,,
World,OWID_WRL,1877,41.2,4.852,,
World,OWID_WRL,1878,41.6,4.852,,
World,OWID_WRL,1879,41.1,4.852,,
World,OWID_WRL,1880,41.6,4.852,,
World,OWID_WRL,1881,41.1,4.852,,
World,OWID_WRL,1882,41.5,4.852,,
World,OWID_WRL,1883,41.4,4.852,,
World,OWID_WRL,1884,41.1,4.852,,
World,OWID_WRL,1885,41.2,4.852,,
World,OWID_WRL,1886,41.1,4.852,,
World,OWID_WRL,1887,41.1,4.852,,
World,OWID_WRL,1888,41.0,4.852,,
World,OWID_WRL,1889,41.2,4.852,,
World,OWID_WRL,1890,41.5,4.852,,
World,OWID_WRL,1891,41.3,4.852,,
World,OWID_WRL,1892,41.7,4.852,,
World,OWID_WRL,1893,41.2,4.852,,
World,OWID_WRL,1894,41.2,4.852,,
World,OWID_WRL,1895,41.3,4.852,,
World,OWID_WRL,1896,41.1,4.852,,
World,OWID_WRL,1897,41.0,4.852,,
World,OWID_WRL,1898,41.2,4.852,,
World,OWID_WRL,1899,40.8,4.852,,
World,OWID_WRL,1900,40.9,4.852,,
World,OWID_WRL,1901,40.8,4.852,,
World,OWID_WRL,1902,40.1,4.852,,
World,OWID_WRL,1903,39.5,4.852,,
World,OWID_WRL,1904,38.9,4.852,,
World,OWID_WRL,1905,38.8,4.852,,
World,OWID_WRL,1906,38.1,4.852,,
World,OWID_WRL,1907,37.4,4.852,,
World,OWID_WRL,1908,37.2,4.852,,
World,OWID_WRL,1909,36.6,4.852,,
World,OWID_WRL,1910,36.4,4.852,,
World,OWID_WRL,1911,36.0,4.852,,
World,OWID_WRL,1912,35.5,4.852,,
World,OWID_WRL,1913,35.1,4.852,,
World,OWID_WRL,1914,35.4,4.852,,
World,OWID_WRL,1915,35.3,4.852,,
World,OWID_WRL,1916,35.1,4.852,,
World,OWID_WRL,1917,35.3,4.852,,
World,OWID_WRL,1918,37.6,4.852,,
World,OWID_WRL,1919,35.7,4.852,,
World,OWID_WRL,1920,34.4,4.852,,
World,OWID_WRL,1921,34.2,4.852,,
World,OWID_WRL,1922,33.2,4.852,,
World,OWID_WRL,1923,33.1,4.852,,
World,OWID_WRL,1924,33.1,4.852,,
World,OWID_WRL,1925,32.4,4.852,,
World,OWID_WRL,1926,32.7,4.852,,
World,OWID_WRL,1927,31.9,4.852,,
World,OWID_WRL,1928,31.9,4.852,,
World,OWID_WRL,1929,32.0,4.852,,
World,OWID_WRL,1930,31.6,4.852,,
World,OWID_WRL,1931,31.4,4.852,,
World,OWID_WRL,1932,30.7,4.852,,
World,OWID_WRL,1933,30.5,4.852,,
World,OWID_WRL,1934,30.7,4.852,,
World,OWID_WRL,1935,29.5,4.852,,
World,OWID_WRL,1936,29.1,4.852,,
World,OWID_WRL,1937,28.8,4.852,,
World,OWID_WRL,1938,28.7,4.852,,
World,OWID_WRL,1939,28.0,4.852,,
World,OWID_WRL,1940,27.9,4.852,,
World,OWID_WRL,1941,27.8,4.852,,
World,OWID_WRL,1942,27.9,4.852,,
World,OWID_WRL,1943,27.7,4.852,,
World,OWID_WRL,1944,27.4,4.852,,
World,OWID_WRL,1945,26.7,4.852,,
World,OWID_WRL,1946,25.8,4.852,,
World,OWID_WRL,1947,25.5,4.852,,
World,OWID_WRL,1948,24.9,4.852,,
World,OWID_WRL,1949,24.9,4.852,,
World,OWID_WRL,1950,24.7,4.852,,
World,OWID_WRL,1951,24.3,4.816,,
World,OWID_WRL,1952,23.9,5.001,,
World,OWID_WRL,1953,23.3,4.922,,
World,OWID_WRL,1954,22.8,4.998,,
World,OWID_WRL,1955,22.3,5.003,,
World,OWID_WRL,1956,21.3,4.931,,
World,OWID_WRL,1957,20.5,5.068,,
World,OWID_WRL,1958,19.7,4.932,,
World,OWID_WRL,1959,19.9,4.74,,
World,OWID_WRL,1960,20.2,4.696,,
World,OWID_WRL,1961,18.8,4.571,,
World,OWID_WRL,1962,17.0,5.022,,
World,OWID_WRL,1963,16.2,5.308,,
World,OWID_WRL,1964,15.7,5.123,,
World,OWID_WRL,1965,15.1,5.071,,
World,OWID_WRL,1966,15.1,4.961,,
World,OWID_WRL,1967,15.3,4.852,,
World,OWID_WRL,1968,15.0,4.963,,
World,OWID_WRL,1969,14.6,4.866,,
World,OWID_WRL,1970,14.2,4.825,,
World,OWID_WRL,1971,13.9,4.679,,
World,OWID_WRL,1972,13.7,4.545,,
World,OWID_WRL,1973,13.5,4.416,,
World,OWID_WRL,1974,13.3,4.259,,
World,OWID_WRL,1975,13.1,4.08,,
World,OWID_WRL,1976,12.8,3.974,,
World,OWID_WRL,1977,12.6,3.85,,
World,OWID_WRL,1978,12.3,3.787,,
World,OWID_WRL,1979,11.9,3.771,,
World,OWID_WRL,1980,11.85,3.744,,
World,OWID_WRL,1981,11.5,3.711,,
World,OWID_WRL,1982,11.18,3.712,,
World,OWID_WRL,1983,11.09,3.581,,
World,OWID_WRL,1984,10.89,3.553,,
World,OWID_WRL,1985,10.62,3.515,,
World,OWID_WRL,1986,10.31,3.504,,
World,OWID_WRL,1987,9.94,3.476,,
World,OWID_WRL,1988,9.87,3.39,,
World,OWID_WRL,1989,9.55,3.347,,
World,OWID_WRL,1990,9.36,3.31,,
World,OWID_WRL,1991,9.33,3.131,,
World,OWID_WRL,1992,9.27,3.044,,
World,OWID_WRL,1993,9.08,2.98,,
World,OWID_WRL,1994,8.96,2.933,,
World,OWID_WRL,1995,8.78,2.889,,
World,OWID_WRL,1996,8.6,2.846,,
World,OWID_WRL,1997,8.4,2.809,,
World,OWID_WRL,1998,8.23,2.776,,
World,OWID_WRL,1999,7.93,2.75,,
World,OWID_WRL,2000,7.67,2.754,,
World,OWID_WRL,2001,7.41,2.714,,
World,OWID_WRL,2002,7.15,2.684,,
World,OWID_WRL,2003,6.86,2.659,,
World,OWID_WRL,2004,6.62,2.647,,
World,OWID_WRL,2005,6.33,2.63,,
World,OWID_WRL,2006,6.06,2.625,,
World,OWID_WRL,2007,5.8,2.623,,
World,OWID_WRL,2008,5.58,2.626,,
World,OWID_WRL,2009,5.4,2.621,,
World,OWID_WRL,2010,5.17,2.602,,
World,OWID_WRL,2011,5.06,2.588,,
World,OWID_WRL,2012,4.78,2.607,,
World,OWID_WRL,2013,4.61,2.572,,
World,OWID_WRL,2014,4.49,2.564,,
World,OWID_WRL,2015,4.37,2.537,,
World,OWID_WRL,2016,4.24,2.536,,
World,OWID_WRL,2017,4.13,2.504,,
World,OWID_WRL,2018,4.02,2.437,,
World,OWID_WRL,2019,3.95,2.397,,
World,OWID_WRL,2020,3.87,2.322,,
World,OWID_WRL,2021,3.82,2.291,,
World,OWID_WRL,2022,3.82,2.265,,
World,OWID_WRL,2023,3.67,2.251,,
